Year,Month,Day
2025,1,1
2025,1,2
2025,1,3
2025,1,4
2025,1,5
2025,1,6
2025,1,7
2025,1,8
2025,1,9
2025,1,10
2025,1,11
2025,1,12
2025,1,13
2025,1,14
2025,1,15
2025,1,16
2025,1,17
2025,1,18
2025,1,19
2025,1,20
2025,1,21
2025,1,22
2025,1,23
2025,1,24
2025,1,25
2025,1,26
2025,1,27
2025,1,28
2025,1,29
2025,1,30
2025,1,31
2025,2,1
2025,2,2
2025,2,3
2025,2,4
2025,2,5
2025,2,6
2025,2,7
2025,2,8
2025,2,9
2025,2,10
2025,2,11
2025,2,12
2025,2,13
2025,2,14
2025,2,15
2025,2,16
2025,2,17
2025,2,18
2025,2,19
2025,2,20
2025,2,21
2025,2,22
2025,2,23
2025,2,24
2025,2,25
2025,2,26
2025,2,27
2025,2,28
2025,3,1
2025,3,2
2025,3,3
2025,3,4
2025,3,5
2025,3,6
2025,3,7
2025,3,8
2025,3,9
2025,3,10
2025,3,11
2025,3,12
2025,3,13
2025,3,14
2025,3,15
2025,3,16
2025,3,17
2025,3,18
2025,3,19
2025,3,20
2025,3,21
2025,3,22
2025,3,23
2025,3,24
2025,3,25
2025,3,26
2025,3,27
2025,3,28
2025,3,29
2025,3,30
2025,3,31
2025,4,1
2025,4,2
2025,4,3
2025,4,4
2025,4,5
2025,4,6
2025,4,7
2025,4,8
2025,4,9
2025,4,10
2025,4,11
2025,4,12
2025,4,13
2025,4,14
2025,4,15
2025,4,16
2025,4,17
2025,4,18
2025,4,19
2025,4,20
2025,4,21
2025,4,22
2025,4,23
2025,4,24
2025,4,25
2025,4,26
2025,4,27
2025,4,28
2025,4,29
2025,4,30
2025,5,1
2025,5,2
2025,5,3
2025,5,4
2025,5,5
2025,5,6
2025,5,7
2025,5,8
2025,5,9
2025,5,10
2025,5,11
2025,5,12
2025,5,13
2025,5,14
2025,5,15
2025,5,16
2025,5,17
2025,5,18
2025,5,19
2025,5,20
2025,5,21
2025,5,22
2025,5,23
2025,5,24
2025,5,25
2025,5,26
2025,5,27
2025,5,28
2025,5,29
2025,5,30
2025,5,31
2025,6,1
2025,6,2
2025,6,3
2025,6,4
2025,6,5
2025,6,6
2025,6,7
2025,6,8
2025,6,9
2025,6,10
2025,6,11
2025,6,12
2025,6,13
2025,6,14
2025,6,15
2025,6,16
2025,6,17
2025,6,18
2025,6,19
2025,6,20
2025,6,21
2025,6,22
2025,6,23
2025,6,24
2025,6,25
2025,6,26
2025,6,27
2025,6,28
2025,6,29
2025,6,30
2025,7,1
2025,7,2
2025,7,3
2025,7,4
2025,7,5
2025,7,6
2025,7,7
2025,7,8
2025,7,9
2025,7,10
2025,7,11
2025,7,12
2025,7,13
2025,7,14
2025,7,15
2025,7,16
2025,7,17
2025,7,18
2025,7,19
2025,7,20
2025,7,21
2025,7,22
2025,7,23
2025,7,24
2025,7,25
2025,7,26
2025,7,27
2025,7,28
2025,7,29
2025,7,30
2025,7,31
2025,8,1
2025,8,2
2025,8,3
2025,8,4
2025,8,5
2025,8,6
2025,8,7
2025,8,8
2025,8,9
2025,8,10
2025,8,11
2025,8,12
2025,8,13
2025,8,14
2025,8,15
2025,8,16
2025,8,17
2025,8,18
2025,8,19
2025,8,20
2025,8,21
2025,8,22
2025,8,23
2025,8,24
2025,8,25
2025,8,26
2025,8,27
2025,8,28
2025,8,29
2025,8,30
2025,8,31
2025,9,1
2025,9,2
2025,9,3
2025,9,4
2025,9,5
2025,9,6
2025,9,7
2025,9,8
2025,9,9
2025,9,10
2025,9,11
2025,9,12
2025,9,13
2025,9,14
2025,9,15
2025,9,16
2025,9,17
2025,9,18
2025,9,19
2025,9,20
2025,9,21
2025,9,22
2025,9,23
2025,9,24
2025,9,25
2025,9,26
2025,9,27
2025,9,28
2025,9,29
2025,9,30
2025,10,1
2025,10,2
2025,10,3
2025,10,4
2025,10,5
2025,10,6
2025,10,7
2025,10,8
2025,10,9
2025,10,10
2025,10,11
2025,10,12
2025,10,13
2025,10,14
2025,10,15
2025,10,16
2025,10,17
2025,10,18
2025,10,19
2025,10,20
2025,10,21
2025,10,22
2025,10,23
2025,10,24
2025,10,25
2025,10,26
2025,10,27
2025,10,28
2025,10,29
2025,10,30
2025,10,31
2025,11,1
2025,11,2
2025,11,3
2025,11,4
2025,11,5
2025,11,6
2025,11,7
2025,11,8
2025,11,9
2025,11,10
2025,11,11
2025,11,12
2025,11,13
2025,11,14
2025,11,15
2025,11,16
2025,11,17
2025,11,18
2025,11,19
2025,11,20
2025,11,21
2025,11,22
2025,11,23
2025,11,24
2025,11,25
2025,11,26
2025,11,27
2025,11,28
2025,11,29
2025,11,30
2025,12,1
2025,12,2
2025,12,3
2025,12,4
2025,12,5
2025,12,6
2025,12,7
2025,12,8
2025,12,9
2025,12,10
2025,12,11
2025,12,12
2025,12,13
2025,12,14
2025,12,15
2025,12,16
2025,12,17
2025,12,18
2025,12,19
2025,12,20
2025,12,21
2025,12,22
2025,12,23
2025,12,24
2025,12,25
2025,12,26
2025,12,27
2025,12,28
2025,12,29
2025,12,30
2025,12,31
2026,1,1
2026,1,2
2026,1,3
2026,1,4
2026,1,5
2026,1,6
2026,1,7
2026,1,8
2026,1,9
2026,1,10
2026,1,11
2026,1,12
2026,1,13
2026,1,14
2026,1,15
2026,1,16
2026,1,17
2026,1,18
2026,1,19
2026,1,20
2026,1,21
2026,1,22
2026,1,23
2026,1,24
2026,1,25
2026,1,26
2026,1,27
2026,1,28
2026,1,29
2026,1,30
2026,1,31
2026,2,1
2026,2,2
2026,2,3
2026,2,4
2026,2,5
2026,2,6
2026,2,7
2026,2,8
2026,2,9
2026,2,10
2026,2,11
2026,2,12
2026,2,13
2026,2,14
2026,2,15
2026,2,16
2026,2,17
2026,2,18
2026,2,19
2026,2,20
2026,2,21
2026,2,22
2026,2,23
2026,2,24
2026,2,25
2026,2,26
2026,2,27
2026,2,28
2026,3,1
2026,3,2
2026,3,3
2026,3,4
2026,3,5
2026,3,6
2026,3,7
2026,3,8
2026,3,9
2026,3,10
2026,3,11
2026,3,12
2026,3,13
2026,3,14
2026,3,15
2026,3,16
2026,3,17
2026,3,18
2026,3,19
2026,3,20
2026,3,21
2026,3,22
2026,3,23
2026,3,24
2026,3,25
2026,3,26
2026,3,27
2026,3,28
2026,3,29
2026,3,30
2026,3,31
2026,4,1
2026,4,2
2026,4,3
2026,4,4
2026,4,5
2026,4,6
2026,4,7
2026,4,8
2026,4,9
2026,4,10
2026,4,11
2026,4,12
2026,4,13
2026,4,14
2026,4,15
2026,4,16
2026,4,17
2026,4,18
2026,4,19
2026,4,20
2026,4,21
2026,4,22
2026,4,23
2026,4,24
2026,4,25
2026,4,26
2026,4,27
2026,4,28
2026,4,29
2026,4,30
2026,5,1
2026,5,2
2026,5,3
2026,5,4
2026,5,5
2026,5,6
2026,5,7
2026,5,8
2026,5,9
2026,5,10
2026,5,11
2026,5,12
2026,5,13
2026,5,14
2026,5,15
2026,5,16
2026,5,17
2026,5,18
2026,5,19
2026,5,20
2026,5,21
2026,5,22
2026,5,23
2026,5,24
2026,5,25
2026,5,26
2026,5,27
2026,5,28
2026,5,29
2026,5,30
2026,5,31
2026,6,1
2026,6,2
2026,6,3
2026,6,4
2026,6,5
2026,6,6
2026,6,7
2026,6,8
2026,6,9
2026,6,10
2026,6,11
2026,6,12
2026,6,13
2026,6,14
2026,6,15
2026,6,16
2026,6,17
2026,6,18
2026,6,19
2026,6,20
2026,6,21
2026,6,22
2026,6,23
2026,6,24
2026,6,25
2026,6,26
2026,6,27
2026,6,28
2026,6,29
2026,6,30
2026,7,1
2026,7,2
2026,7,3
2026,7,4
2026,7,5
2026,7,6
2026,7,7
2026,7,8
2026,7,9
2026,7,10
2026,7,11
2026,7,12
2026,7,13
2026,7,14
2026,7,15
2026,7,16
2026,7,17
2026,7,18
2026,7,19
2026,7,20
2026,7,21
2026,7,22
2026,7,23
2026,7,24
2026,7,25
2026,7,26
2026,7,27
2026,7,28
2026,7,29
2026,7,30
2026,7,31
2026,8,1
2026,8,2
2026,8,3
2026,8,4
2026,8,5
2026,8,6
2026,8,7
2026,8,8
2026,8,9
2026,8,10
2026,8,11
2026,8,12
2026,8,13
2026,8,14
2026,8,15
2026,8,16
2026,8,17
2026,8,18
2026,8,19
2026,8,20
2026,8,21
2026,8,22
2026,8,23
2026,8,24
2026,8,25
2026,8,26
2026,8,27
2026,8,28
2026,8,29
2026,8,30
2026,8,31
2026,9,1
2026,9,2
2026,9,3
2026,9,4
2026,9,5
2026,9,6
2026,9,7
2026,9,8
2026,9,9
2026,9,10
2026,9,11
2026,9,12
2026,9,13
2026,9,14
2026,9,15
2026,9,16
2026,9,17
2026,9,18
2026,9,19
2026,9,20
2026,9,21
2026,9,22
2026,9,23
2026,9,24
2026,9,25
2026,9,26
2026,9,27
2026,9,28
2026,9,29
2026,9,30
2026,10,1
2026,10,2
2026,10,3
2026,10,4
2026,10,5
2026,10,6
2026,10,7
2026,10,8
2026,10,9
2026,10,10
2026,10,11
2026,10,12
2026,10,13
2026,10,14
2026,10,15
2026,10,16
2026,10,17
2026,10,18
2026,10,19
2026,10,20
2026,10,21
2026,10,22
2026,10,23
2026,10,24
2026,10,25
2026,10,26
2026,10,27
2026,10,28
2026,10,29
2026,10,30
2026,10,31
2026,11,1
2026,11,2
2026,11,3
2026,11,4
2026,11,5
2026,11,6
2026,11,7
2026,11,8
2026,11,9
2026,11,10
2026,11,11
2026,11,12
2026,11,13
2026,11,14
2026,11,15
2026,11,16
2026,11,17
2026,11,18
2026,11,19
2026,11,20
2026,11,21
2026,11,22
2026,11,23
2026,11,24
2026,11,25
2026,11,26
2026,11,27
2026,11,28
2026,11,29
2026,11,30
2026,12,1
2026,12,2
2026,12,3
2026,12,4
2026,12,5
2026,12,6
2026,12,7
2026,12,8
2026,12,9
2026,12,10
2026,12,11
2026,12,12
2026,12,13
2026,12,14
2026,12,15
2026,12,16
2026,12,17
2026,12,18
2026,12,19
2026,12,20
2026,12,21
2026,12,22
2026,12,23
2026,12,24
2026,12,25
2026,12,26
2026,12,27
2026,12,28
2026,12,29
2026,12,30
2026,12,31
2027,1,1
2027,1,2
2027,1,3
2027,1,4
2027,1,5
2027,1,6
2027,1,7
2027,1,8
2027,1,9
2027,1,10
2027,1,11
2027,1,12
2027,1,13
2027,1,14
2027,1,15
2027,1,16
2027,1,17
2027,1,18
2027,1,19
2027,1,20
2027,1,21
2027,1,22
2027,1,23
2027,1,24
2027,1,25
2027,1,26
2027,1,27
2027,1,28
2027,1,29
2027,1,30
2027,1,31
2027,2,1
2027,2,2
2027,2,3
2027,2,4
2027,2,5
2027,2,6
2027,2,7
2027,2,8
2027,2,9
2027,2,10
2027,2,11
2027,2,12
2027,2,13
2027,2,14
2027,2,15
2027,2,16
2027,2,17
2027,2,18
2027,2,19
2027,2,20
2027,2,21
2027,2,22
2027,2,23
2027,2,24
2027,2,25
2027,2,26
2027,2,27
2027,2,28
2027,3,1
2027,3,2
2027,3,3
2027,3,4
2027,3,5
2027,3,6
2027,3,7
2027,3,8
2027,3,9
2027,3,10
2027,3,11
2027,3,12
2027,3,13
2027,3,14
2027,3,15
2027,3,16
2027,3,17
2027,3,18
2027,3,19
2027,3,20
2027,3,21
2027,3,22
2027,3,23
2027,3,24
2027,3,25
2027,3,26
2027,3,27
2027,3,28
2027,3,29
2027,3,30
2027,3,31
2027,4,1
2027,4,2
2027,4,3
2027,4,4
2027,4,5
2027,4,6
2027,4,7
2027,4,8
2027,4,9
2027,4,10
2027,4,11
2027,4,12
2027,4,13
2027,4,14
2027,4,15
2027,4,16
2027,4,17
2027,4,18
2027,4,19
2027,4,20
2027,4,21
2027,4,22
2027,4,23
2027,4,24
2027,4,25
2027,4,26
2027,4,27
2027,4,28
2027,4,29
2027,4,30
2027,5,1
2027,5,2
2027,5,3
2027,5,4
2027,5,5
2027,5,6
2027,5,7
2027,5,8
2027,5,9
2027,5,10
2027,5,11
2027,5,12
2027,5,13
2027,5,14
2027,5,15
2027,5,16
2027,5,17
2027,5,18
2027,5,19
2027,5,20
2027,5,21
2027,5,22
2027,5,23
2027,5,24
2027,5,25
2027,5,26
2027,5,27
2027,5,28
2027,5,29
2027,5,30
2027,5,31
2027,6,1
2027,6,2
2027,6,3
2027,6,4
2027,6,5
2027,6,6
2027,6,7
2027,6,8
2027,6,9
2027,6,10
2027,6,11
2027,6,12
2027,6,13
2027,6,14
2027,6,15
2027,6,16
2027,6,17
2027,6,18
2027,6,19
2027,6,20
2027,6,21
2027,6,22
2027,6,23
2027,6,24
2027,6,25
2027,6,26
2027,6,27
2027,6,28
2027,6,29
2027,6,30
2027,7,1
2027,7,2
2027,7,3
2027,7,4
2027,7,5
2027,7,6
2027,7,7
2027,7,8
2027,7,9
2027,7,10
2027,7,11
2027,7,12
2027,7,13
2027,7,14
2027,7,15
2027,7,16
2027,7,17
2027,7,18
2027,7,19
2027,7,20
2027,7,21
2027,7,22
2027,7,23
2027,7,24
2027,7,25
2027,7,26
2027,7,27
2027,7,28
2027,7,29
2027,7,30
2027,7,31
2027,8,1
2027,8,2
2027,8,3
2027,8,4
2027,8,5
2027,8,6
2027,8,7
2027,8,8
2027,8,9
2027,8,10
2027,8,11
2027,8,12
2027,8,13
2027,8,14
2027,8,15
2027,8,16
2027,8,17
2027,8,18
2027,8,19
2027,8,20
2027,8,21
2027,8,22
2027,8,23
2027,8,24
2027,8,25
2027,8,26
2027,8,27
2027,8,28
2027,8,29
2027,8,30
2027,8,31
2027,9,1
2027,9,2
2027,9,3
2027,9,4
2027,9,5
2027,9,6
2027,9,7
2027,9,8
2027,9,9
2027,9,10
2027,9,11
2027,9,12
2027,9,13
2027,9,14
2027,9,15
2027,9,16
2027,9,17
2027,9,18
2027,9,19
2027,9,20
2027,9,21
2027,9,22
2027,9,23
2027,9,24
2027,9,25
2027,9,26
2027,9,27
2027,9,28
2027,9,29
2027,9,30
2027,10,1
2027,10,2
2027,10,3
2027,10,4
2027,10,5
2027,10,6
2027,10,7
2027,10,8
2027,10,9
2027,10,10
2027,10,11
2027,10,12
2027,10,13
2027,10,14
2027,10,15
2027,10,16
2027,10,17
2027,10,18
2027,10,19
2027,10,20
2027,10,21
2027,10,22
2027,10,23
2027,10,24
2027,10,25
2027,10,26
2027,10,27
2027,10,28
2027,10,29
2027,10,30
2027,10,31
2027,11,1
2027,11,2
2027,11,3
2027,11,4
2027,11,5
2027,11,6
2027,11,7
2027,11,8
2027,11,9
2027,11,10
2027,11,11
2027,11,12
2027,11,13
2027,11,14
2027,11,15
2027,11,16
2027,11,17
2027,11,18
2027,11,19
2027,11,20
2027,11,21
2027,11,22
2027,11,23
2027,11,24
2027,11,25
2027,11,26
2027,11,27
2027,11,28
2027,11,29
2027,11,30
2027,12,1
2027,12,2
2027,12,3
2027,12,4
2027,12,5
2027,12,6
2027,12,7
2027,12,8
2027,12,9
2027,12,10
2027,12,11
2027,12,12
2027,12,13
2027,12,14
2027,12,15
2027,12,16
2027,12,17
2027,12,18
2027,12,19
2027,12,20
2027,12,21
2027,12,22
2027,12,23
2027,12,24
2027,12,25
2027,12,26
2027,12,27
2027,12,28
2027,12,29
2027,12,30
2027,12,31
2028,1,1
2028,1,2
2028,1,3
2028,1,4
2028,1,5
2028,1,6
2028,1,7
2028,1,8
2028,1,9
2028,1,10
2028,1,11
2028,1,12
2028,1,13
2028,1,14
2028,1,15
2028,1,16
2028,1,17
2028,1,18
2028,1,19
2028,1,20
2028,1,21
2028,1,22
2028,1,23
2028,1,24
2028,1,25
2028,1,26
2028,1,27
2028,1,28
2028,1,29
2028,1,30
2028,1,31
2028,2,1
2028,2,2
2028,2,3
2028,2,4
2028,2,5
2028,2,6
2028,2,7
2028,2,8
2028,2,9
2028,2,10
2028,2,11
2028,2,12
2028,2,13
2028,2,14
2028,2,15
2028,2,16
2028,2,17
2028,2,18
2028,2,19
2028,2,20
2028,2,21
2028,2,22
2028,2,23
2028,2,24
2028,2,25
2028,2,26
2028,2,27
2028,2,28
2028,2,29
2028,3,1
2028,3,2
2028,3,3
2028,3,4
2028,3,5
2028,3,6
2028,3,7
2028,3,8
2028,3,9
2028,3,10
2028,3,11
2028,3,12
2028,3,13
2028,3,14
2028,3,15
2028,3,16
2028,3,17
2028,3,18
2028,3,19
2028,3,20
2028,3,21
2028,3,22
2028,3,23
2028,3,24
2028,3,25
2028,3,26
2028,3,27
2028,3,28
2028,3,29
2028,3,30
2028,3,31
2028,4,1
2028,4,2
2028,4,3
2028,4,4
2028,4,5
2028,4,6
2028,4,7
2028,4,8
2028,4,9
2028,4,10
2028,4,11
2028,4,12
2028,4,13
2028,4,14
2028,4,15
2028,4,16
2028,4,17
2028,4,18
2028,4,19
2028,4,20
2028,4,21
2028,4,22
2028,4,23
2028,4,24
2028,4,25
2028,4,26
2028,4,27
2028,4,28
2028,4,29
2028,4,30
2028,5,1
2028,5,2
2028,5,3
2028,5,4
2028,5,5
2028,5,6
2028,5,7
2028,5,8
2028,5,9
2028,5,10
2028,5,11
2028,5,12
2028,5,13
2028,5,14
2028,5,15
2028,5,16
2028,5,17
2028,5,18
2028,5,19
2028,5,20
2028,5,21
2028,5,22
2028,5,23
2028,5,24
2028,5,25
2028,5,26
2028,5,27
2028,5,28
2028,5,29
2028,5,30
2028,5,31
2028,6,1
2028,6,2
2028,6,3
2028,6,4
2028,6,5
2028,6,6
2028,6,7
2028,6,8
2028,6,9
2028,6,10
2028,6,11
2028,6,12
2028,6,13
2028,6,14
2028,6,15
2028,6,16
2028,6,17
2028,6,18
2028,6,19
2028,6,20
2028,6,21
2028,6,22
2028,6,23
2028,6,24
2028,6,25
2028,6,26
2028,6,27
2028,6,28
2028,6,29
2028,6,30
2028,7,1
2028,7,2
2028,7,3
2028,7,4
2028,7,5
2028,7,6
2028,7,7
2028,7,8
2028,7,9
2028,7,10
2028,7,11
2028,7,12
2028,7,13
2028,7,14
2028,7,15
2028,7,16
2028,7,17
2028,7,18
2028,7,19
2028,7,20
2028,7,21
2028,7,22
2028,7,23
2028,7,24
2028,7,25
2028,7,26
2028,7,27
2028,7,28
2028,7,29
2028,7,30
2028,7,31
2028,8,1
2028,8,2
2028,8,3
2028,8,4
2028,8,5
2028,8,6
2028,8,7
2028,8,8
2028,8,9
2028,8,10
2028,8,11
2028,8,12
2028,8,13
2028,8,14
2028,8,15
2028,8,16
2028,8,17
2028,8,18
2028,8,19
2028,8,20
2028,8,21
2028,8,22
2028,8,23
2028,8,24
2028,8,25
2028,8,26
2028,8,27
2028,8,28
2028,8,29
2028,8,30
2028,8,31
2028,9,1
2028,9,2
2028,9,3
2028,9,4
2028,9,5
2028,9,6
2028,9,7
2028,9,8
2028,9,9
2028,9,10
2028,9,11
2028,9,12
2028,9,13
2028,9,14
2028,9,15
2028,9,16
2028,9,17
2028,9,18
2028,9,19
2028,9,20
2028,9,21
2028,9,22
2028,9,23
2028,9,24
2028,9,25
2028,9,26
2028,9,27
2028,9,28
2028,9,29
2028,9,30
2028,10,1
2028,10,2
2028,10,3
2028,10,4
2028,10,5
2028,10,6
2028,10,7
2028,10,8
2028,10,9
2028,10,10
2028,10,11
2028,10,12
2028,10,13
2028,10,14
2028,10,15
2028,10,16
2028,10,17
2028,10,18
2028,10,19
2028,10,20
2028,10,21
2028,10,22
2028,10,23
2028,10,24
2028,10,25
2028,10,26
2028,10,27
2028,10,28
2028,10,29
2028,10,30
2028,10,31
2028,11,1
2028,11,2
2028,11,3
2028,11,4
2028,11,5
2028,11,6
2028,11,7
2028,11,8
2028,11,9
2028,11,10
2028,11,11
2028,11,12
2028,11,13
2028,11,14
2028,11,15
2028,11,16
2028,11,17
2028,11,18
2028,11,19
2028,11,20
2028,11,21
2028,11,22
2028,11,23
2028,11,24
2028,11,25
2028,11,26
2028,11,27
2028,11,28
2028,11,29
2028,11,30
2028,12,1
2028,12,2
2028,12,3
2028,12,4
2028,12,5
2028,12,6
2028,12,7
2028,12,8
2028,12,9
2028,12,10
2028,12,11
2028,12,12
2028,12,13
2028,12,14
2028,12,15
2028,12,16
2028,12,17
2028,12,18
2028,12,19
2028,12,20
2028,12,21
2028,12,22
2028,12,23
2028,12,24
2028,12,25
2028,12,26
2028,12,27
2028,12,28
2028,12,29
2028,12,30
2028,12,31
2029,1,1
2029,1,2
2029,1,3
2029,1,4
2029,1,5
2029,1,6
2029,1,7
2029,1,8
2029,1,9
2029,1,10
2029,1,11
2029,1,12
2029,1,13
2029,1,14
2029,1,15
2029,1,16
2029,1,17
2029,1,18
2029,1,19
2029,1,20
2029,1,21
2029,1,22
2029,1,23
2029,1,24
2029,1,25
2029,1,26
2029,1,27
2029,1,28
2029,1,29
2029,1,30
2029,1,31
2029,2,1
2029,2,2
2029,2,3
2029,2,4
2029,2,5
2029,2,6
2029,2,7
2029,2,8
2029,2,9
2029,2,10
2029,2,11
2029,2,12
2029,2,13
2029,2,14
2029,2,15
2029,2,16
2029,2,17
2029,2,18
2029,2,19
2029,2,20
2029,2,21
2029,2,22
2029,2,23
2029,2,24
2029,2,25
2029,2,26
2029,2,27
2029,2,28
2029,3,1
2029,3,2
2029,3,3
2029,3,4
2029,3,5
2029,3,6
2029,3,7
2029,3,8
2029,3,9
2029,3,10
2029,3,11
2029,3,12
2029,3,13
2029,3,14
2029,3,15
2029,3,16
2029,3,17
2029,3,18
2029,3,19
2029,3,20
2029,3,21
2029,3,22
2029,3,23
2029,3,24
2029,3,25
2029,3,26
2029,3,27
2029,3,28
2029,3,29
2029,3,30
2029,3,31
2029,4,1
2029,4,2
2029,4,3
2029,4,4
2029,4,5
2029,4,6
2029,4,7
2029,4,8
2029,4,9
2029,4,10
2029,4,11
2029,4,12
2029,4,13
2029,4,14
2029,4,15
2029,4,16
2029,4,17
2029,4,18
2029,4,19
2029,4,20
2029,4,21
2029,4,22
2029,4,23
2029,4,24
2029,4,25
2029,4,26
2029,4,27
2029,4,28
2029,4,29
2029,4,30
2029,5,1
2029,5,2
2029,5,3
2029,5,4
2029,5,5
2029,5,6
2029,5,7
2029,5,8
2029,5,9
2029,5,10
2029,5,11
2029,5,12
2029,5,13
2029,5,14
2029,5,15
2029,5,16
2029,5,17
2029,5,18
2029,5,19
2029,5,20
2029,5,21
2029,5,22
2029,5,23
2029,5,24
2029,5,25
2029,5,26
2029,5,27
2029,5,28
2029,5,29
2029,5,30
2029,5,31
2029,6,1
2029,6,2
2029,6,3
2029,6,4
2029,6,5
2029,6,6
2029,6,7
2029,6,8
2029,6,9
2029,6,10
2029,6,11
2029,6,12
2029,6,13
2029,6,14
2029,6,15
2029,6,16
2029,6,17
2029,6,18
2029,6,19
2029,6,20
2029,6,21
2029,6,22
2029,6,23
2029,6,24
2029,6,25
2029,6,26
2029,6,27
2029,6,28
2029,6,29
2029,6,30
2029,7,1
2029,7,2
2029,7,3
2029,7,4
2029,7,5
2029,7,6
2029,7,7
2029,7,8
2029,7,9
2029,7,10
2029,7,11
2029,7,12
2029,7,13
2029,7,14
2029,7,15
2029,7,16
2029,7,17
2029,7,18
2029,7,19
2029,7,20
2029,7,21
2029,7,22
2029,7,23
2029,7,24
2029,7,25
2029,7,26
2029,7,27
2029,7,28
2029,7,29
2029,7,30
2029,7,31
2029,8,1
2029,8,2
2029,8,3
2029,8,4
2029,8,5
2029,8,6
2029,8,7
2029,8,8
2029,8,9
2029,8,10
2029,8,11
2029,8,12
2029,8,13
2029,8,14
2029,8,15
2029,8,16
2029,8,17
2029,8,18
2029,8,19
2029,8,20
2029,8,21
2029,8,22
2029,8,23
2029,8,24
2029,8,25
2029,8,26
2029,8,27
2029,8,28
2029,8,29
2029,8,30
2029,8,31
2029,9,1
2029,9,2
2029,9,3
2029,9,4
2029,9,5
2029,9,6
2029,9,7
2029,9,8
2029,9,9
2029,9,10
2029,9,11
2029,9,12
2029,9,13
2029,9,14
2029,9,15
2029,9,16
2029,9,17
2029,9,18
2029,9,19
2029,9,20
2029,9,21
2029,9,22
2029,9,23
2029,9,24
2029,9,25
2029,9,26
2029,9,27
2029,9,28
2029,9,29
2029,9,30
2029,10,1
2029,10,2
2029,10,3
2029,10,4
2029,10,5
2029,10,6
2029,10,7
2029,10,8
2029,10,9
2029,10,10
2029,10,11
2029,10,12
2029,10,13
2029,10,14
2029,10,15
2029,10,16
2029,10,17
2029,10,18
2029,10,19
2029,10,20
2029,10,21
2029,10,22
2029,10,23
2029,10,24
2029,10,25
2029,10,26
2029,10,27
2029,10,28
2029,10,29
2029,10,30
2029,10,31
2029,11,1
2029,11,2
2029,11,3
2029,11,4
2029,11,5
2029,11,6
2029,11,7
2029,11,8
2029,11,9
2029,11,10
2029,11,11
2029,11,12
2029,11,13
2029,11,14
2029,11,15
2029,11,16
2029,11,17
2029,11,18
2029,11,19
2029,11,20
2029,11,21
2029,11,22
2029,11,23
2029,11,24
2029,11,25
2029,11,26
2029,11,27
2029,11,28
2029,11,29
2029,11,30
2029,12,1
2029,12,2
2029,12,3
2029,12,4
2029,12,5
2029,12,6
2029,12,7
2029,12,8
2029,12,9
2029,12,10
2029,12,11
2029,12,12
2029,12,13
2029,12,14
2029,12,15
2029,12,16
2029,12,17
2029,12,18
2029,12,19
2029,12,20
2029,12,21
2029,12,22
2029,12,23
2029,12,24
2029,12,25
2029,12,26
2029,12,27
2029,12,28
2029,12,29
2029,12,30
2029,12,31
2030,1,1
2030,1,2
2030,1,3
2030,1,4
2030,1,5
2030,1,6
2030,1,7
2030,1,8
2030,1,9
2030,1,10
2030,1,11
2030,1,12
2030,1,13
2030,1,14
2030,1,15
2030,1,16
2030,1,17
2030,1,18
2030,1,19
2030,1,20
2030,1,21
2030,1,22
2030,1,23
2030,1,24
2030,1,25
2030,1,26
2030,1,27
2030,1,28
2030,1,29
2030,1,30
2030,1,31
2030,2,1
2030,2,2
2030,2,3
2030,2,4
2030,2,5
2030,2,6
2030,2,7
2030,2,8
2030,2,9
2030,2,10
2030,2,11
2030,2,12
2030,2,13
2030,2,14
2030,2,15
2030,2,16
2030,2,17
2030,2,18
2030,2,19
2030,2,20
2030,2,21
2030,2,22
2030,2,23
2030,2,24
2030,2,25
2030,2,26
2030,2,27
2030,2,28
2030,3,1
2030,3,2
2030,3,3
2030,3,4
2030,3,5
2030,3,6
2030,3,7
2030,3,8
2030,3,9
2030,3,10
2030,3,11
2030,3,12
2030,3,13
2030,3,14
2030,3,15
2030,3,16
2030,3,17
2030,3,18
2030,3,19
2030,3,20
2030,3,21
2030,3,22
2030,3,23
2030,3,24
2030,3,25
2030,3,26
2030,3,27
2030,3,28
2030,3,29
2030,3,30
2030,3,31
2030,4,1
2030,4,2
2030,4,3
2030,4,4
2030,4,5
2030,4,6
2030,4,7
2030,4,8
2030,4,9
2030,4,10
2030,4,11
2030,4,12
2030,4,13
2030,4,14
2030,4,15
2030,4,16
2030,4,17
2030,4,18
2030,4,19
2030,4,20
2030,4,21
2030,4,22
2030,4,23
2030,4,24
2030,4,25
2030,4,26
2030,4,27
2030,4,28
2030,4,29
2030,4,30
2030,5,1
2030,5,2
2030,5,3
2030,5,4
2030,5,5
2030,5,6
2030,5,7
2030,5,8
2030,5,9
2030,5,10
2030,5,11
2030,5,12
2030,5,13
2030,5,14
2030,5,15
2030,5,16
2030,5,17
2030,5,18
2030,5,19
2030,5,20
2030,5,21
2030,5,22
2030,5,23
2030,5,24
2030,5,25
2030,5,26
2030,5,27
2030,5,28
2030,5,29
2030,5,30
2030,5,31
2030,6,1
2030,6,2
2030,6,3
2030,6,4
2030,6,5
2030,6,6
2030,6,7
2030,6,8
2030,6,9
2030,6,10
2030,6,11
2030,6,12
2030,6,13
2030,6,14
2030,6,15
2030,6,16
2030,6,17
2030,6,18
2030,6,19
2030,6,20
2030,6,21
2030,6,22
2030,6,23
2030,6,24
2030,6,25
2030,6,26
2030,6,27
2030,6,28
2030,6,29
2030,6,30
2030,7,1
2030,7,2
2030,7,3
2030,7,4
2030,7,5
2030,7,6
2030,7,7
2030,7,8
2030,7,9
2030,7,10
2030,7,11
2030,7,12
2030,7,13
2030,7,14
2030,7,15
2030,7,16
2030,7,17
2030,7,18
2030,7,19
2030,7,20
2030,7,21
2030,7,22
2030,7,23
2030,7,24
2030,7,25
2030,7,26
2030,7,27
2030,7,28
2030,7,29
2030,7,30
2030,7,31
2030,8,1
2030,8,2
2030,8,3
2030,8,4
2030,8,5
2030,8,6
2030,8,7
2030,8,8
2030,8,9
2030,8,10
2030,8,11
2030,8,12
2030,8,13
2030,8,14
2030,8,15
2030,8,16
2030,8,17
2030,8,18
2030,8,19
2030,8,20
2030,8,21
2030,8,22
2030,8,23
2030,8,24
2030,8,25
2030,8,26
2030,8,27
2030,8,28
2030,8,29
2030,8,30
2030,8,31
2030,9,1
2030,9,2
2030,9,3
2030,9,4
2030,9,5
2030,9,6
2030,9,7
2030,9,8
2030,9,9
2030,9,10
2030,9,11
2030,9,12
2030,9,13
2030,9,14
2030,9,15
2030,9,16
2030,9,17
2030,9,18
2030,9,19
2030,9,20
2030,9,21
2030,9,22
2030,9,23
2030,9,24
2030,9,25
2030,9,26
2030,9,27
2030,9,28
2030,9,29
2030,9,30
2030,10,1
2030,10,2
2030,10,3
2030,10,4
2030,10,5
2030,10,6
2030,10,7
2030,10,8
2030,10,9
2030,10,10
2030,10,11
2030,10,12
2030,10,13
2030,10,14
2030,10,15
2030,10,16
2030,10,17
2030,10,18
2030,10,19
2030,10,20
2030,10,21
2030,10,22
2030,10,23
2030,10,24
2030,10,25
2030,10,26
2030,10,27
2030,10,28
2030,10,29
2030,10,30
2030,10,31
2030,11,1
2030,11,2
2030,11,3
2030,11,4
2030,11,5
2030,11,6
2030,11,7
2030,11,8
2030,11,9
2030,11,10
2030,11,11
2030,11,12
2030,11,13
2030,11,14
2030,11,15
2030,11,16
2030,11,17
2030,11,18
2030,11,19
2030,11,20
2030,11,21
2030,11,22
2030,11,23
2030,11,24
2030,11,25
2030,11,26
2030,11,27
2030,11,28
2030,11,29
2030,11,30
2030,12,1
2030,12,2
2030,12,3
2030,12,4
2030,12,5
2030,12,6
2030,12,7
2030,12,8
2030,12,9
2030,12,10
2030,12,11
2030,12,12
2030,12,13
2030,12,14
2030,12,15
2030,12,16
2030,12,17
2030,12,18
2030,12,19
2030,12,20
2030,12,21
2030,12,22
2030,12,23
2030,12,24
2030,12,25
2030,12,26
2030,12,27
2030,12,28
2030,12,29
2030,12,30
2030,12,31
2031,1,1
2031,1,2
2031,1,3
2031,1,4
2031,1,5
2031,1,6
2031,1,7
2031,1,8
2031,1,9
2031,1,10
2031,1,11
2031,1,12
2031,1,13
2031,1,14
2031,1,15
2031,1,16
2031,1,17
2031,1,18
2031,1,19
2031,1,20
2031,1,21
2031,1,22
2031,1,23
2031,1,24
2031,1,25
2031,1,26
2031,1,27
2031,1,28
2031,1,29
2031,1,30
2031,1,31
2031,2,1
2031,2,2
2031,2,3
2031,2,4
2031,2,5
2031,2,6
2031,2,7
2031,2,8
2031,2,9
2031,2,10
2031,2,11
2031,2,12
2031,2,13
2031,2,14
2031,2,15
2031,2,16
2031,2,17
2031,2,18
2031,2,19
2031,2,20
2031,2,21
2031,2,22
2031,2,23
2031,2,24
2031,2,25
2031,2,26
2031,2,27
2031,2,28
2031,3,1
2031,3,2
2031,3,3
2031,3,4
2031,3,5
2031,3,6
2031,3,7
2031,3,8
2031,3,9
2031,3,10
2031,3,11
2031,3,12
2031,3,13
2031,3,14
2031,3,15
2031,3,16
2031,3,17
2031,3,18
2031,3,19
2031,3,20
2031,3,21
2031,3,22
2031,3,23
2031,3,24
2031,3,25
2031,3,26
2031,3,27
2031,3,28
2031,3,29
2031,3,30
2031,3,31
2031,4,1
2031,4,2
2031,4,3
2031,4,4
2031,4,5
2031,4,6
2031,4,7
2031,4,8
2031,4,9
2031,4,10
2031,4,11
2031,4,12
2031,4,13
2031,4,14
2031,4,15
2031,4,16
2031,4,17
2031,4,18
2031,4,19
2031,4,20
2031,4,21
2031,4,22
2031,4,23
2031,4,24
2031,4,25
2031,4,26
2031,4,27
2031,4,28
2031,4,29
2031,4,30
2031,5,1
2031,5,2
2031,5,3
2031,5,4
2031,5,5
2031,5,6
2031,5,7
2031,5,8
2031,5,9
2031,5,10
2031,5,11
2031,5,12
2031,5,13
2031,5,14
2031,5,15
2031,5,16
2031,5,17
2031,5,18
2031,5,19
2031,5,20
2031,5,21
2031,5,22
2031,5,23
2031,5,24
2031,5,25
2031,5,26
2031,5,27
2031,5,28
2031,5,29
2031,5,30
2031,5,31
2031,6,1
2031,6,2
2031,6,3
2031,6,4
2031,6,5
2031,6,6
2031,6,7
2031,6,8
2031,6,9
2031,6,10
2031,6,11
2031,6,12
2031,6,13
2031,6,14
2031,6,15
2031,6,16
2031,6,17
2031,6,18
2031,6,19
2031,6,20
2031,6,21
2031,6,22
2031,6,23
2031,6,24
2031,6,25
2031,6,26
2031,6,27
2031,6,28
2031,6,29
2031,6,30
2031,7,1
2031,7,2
2031,7,3
2031,7,4
2031,7,5
2031,7,6
2031,7,7
2031,7,8
2031,7,9
2031,7,10
2031,7,11
2031,7,12
2031,7,13
2031,7,14
2031,7,15
2031,7,16
2031,7,17
2031,7,18
2031,7,19
2031,7,20
2031,7,21
2031,7,22
2031,7,23
2031,7,24
2031,7,25
2031,7,26
2031,7,27
2031,7,28
2031,7,29
2031,7,30
2031,7,31
2031,8,1
2031,8,2
2031,8,3
2031,8,4
2031,8,5
2031,8,6
2031,8,7
2031,8,8
2031,8,9
2031,8,10
2031,8,11
2031,8,12
2031,8,13
2031,8,14
2031,8,15
2031,8,16
2031,8,17
2031,8,18
2031,8,19
2031,8,20
2031,8,21
2031,8,22
2031,8,23
2031,8,24
2031,8,25
2031,8,26
2031,8,27
2031,8,28
2031,8,29
2031,8,30
2031,8,31
2031,9,1
2031,9,2
2031,9,3
2031,9,4
2031,9,5
2031,9,6
2031,9,7
2031,9,8
2031,9,9
2031,9,10
2031,9,11
2031,9,12
2031,9,13
2031,9,14
2031,9,15
2031,9,16
2031,9,17
2031,9,18
2031,9,19
2031,9,20
2031,9,21
2031,9,22
2031,9,23
2031,9,24
2031,9,25
2031,9,26
2031,9,27
2031,9,28
2031,9,29
2031,9,30
2031,10,1
2031,10,2
2031,10,3
2031,10,4
2031,10,5
2031,10,6
2031,10,7
2031,10,8
2031,10,9
2031,10,10
2031,10,11
2031,10,12
2031,10,13
2031,10,14
2031,10,15
2031,10,16
2031,10,17
2031,10,18
2031,10,19
2031,10,20
2031,10,21
2031,10,22
2031,10,23
2031,10,24
2031,10,25
2031,10,26
2031,10,27
2031,10,28
2031,10,29
2031,10,30
2031,10,31
2031,11,1
2031,11,2
2031,11,3
2031,11,4
2031,11,5
2031,11,6
2031,11,7
2031,11,8
2031,11,9
2031,11,10
2031,11,11
2031,11,12
2031,11,13
2031,11,14
2031,11,15
2031,11,16
2031,11,17
2031,11,18
2031,11,19
2031,11,20
2031,11,21
2031,11,22
2031,11,23
2031,11,24
2031,11,25
2031,11,26
2031,11,27
2031,11,28
2031,11,29
2031,11,30
2031,12,1
2031,12,2
2031,12,3
2031,12,4
2031,12,5
2031,12,6
2031,12,7
2031,12,8
2031,12,9
2031,12,10
2031,12,11
2031,12,12
2031,12,13
2031,12,14
2031,12,15
2031,12,16
2031,12,17
2031,12,18
2031,12,19
2031,12,20
2031,12,21
2031,12,22
2031,12,23
2031,12,24
2031,12,25
2031,12,26
2031,12,27
2031,12,28
2031,12,29
2031,12,30
2031,12,31
2032,1,1
2032,1,2
2032,1,3
2032,1,4
2032,1,5
2032,1,6
2032,1,7
2032,1,8
2032,1,9
2032,1,10
2032,1,11
2032,1,12
2032,1,13
2032,1,14
2032,1,15
2032,1,16
2032,1,17
2032,1,18
2032,1,19
2032,1,20
2032,1,21
2032,1,22
2032,1,23
2032,1,24
2032,1,25
2032,1,26
2032,1,27
2032,1,28
2032,1,29
2032,1,30
2032,1,31
2032,2,1
2032,2,2
2032,2,3
2032,2,4
2032,2,5
2032,2,6
2032,2,7
2032,2,8
2032,2,9
2032,2,10
2032,2,11
2032,2,12
2032,2,13
2032,2,14
2032,2,15
2032,2,16
2032,2,17
2032,2,18
2032,2,19
2032,2,20
2032,2,21
2032,2,22
2032,2,23
2032,2,24
2032,2,25
2032,2,26
2032,2,27
2032,2,28
2032,2,29
2032,3,1
2032,3,2
2032,3,3
2032,3,4
2032,3,5
2032,3,6
2032,3,7
2032,3,8
2032,3,9
2032,3,10
2032,3,11
2032,3,12
2032,3,13
2032,3,14
2032,3,15
2032,3,16
2032,3,17
2032,3,18
2032,3,19
2032,3,20
2032,3,21
2032,3,22
2032,3,23
2032,3,24
2032,3,25
2032,3,26
2032,3,27
2032,3,28
2032,3,29
2032,3,30
2032,3,31
2032,4,1
2032,4,2
2032,4,3
2032,4,4
2032,4,5
2032,4,6
2032,4,7
2032,4,8
2032,4,9
2032,4,10
2032,4,11
2032,4,12
2032,4,13
2032,4,14
2032,4,15
2032,4,16
2032,4,17
2032,4,18
2032,4,19
2032,4,20
2032,4,21
2032,4,22
2032,4,23
2032,4,24
2032,4,25
2032,4,26
2032,4,27
2032,4,28
2032,4,29
2032,4,30
2032,5,1
2032,5,2
2032,5,3
2032,5,4
2032,5,5
2032,5,6
2032,5,7
2032,5,8
2032,5,9
2032,5,10
2032,5,11
2032,5,12
2032,5,13
2032,5,14
2032,5,15
2032,5,16
2032,5,17
2032,5,18
2032,5,19
2032,5,20
2032,5,21
2032,5,22
2032,5,23
2032,5,24
2032,5,25
2032,5,26
2032,5,27
2032,5,28
2032,5,29
2032,5,30
2032,5,31
2032,6,1
2032,6,2
2032,6,3
2032,6,4
2032,6,5
2032,6,6
2032,6,7
2032,6,8
2032,6,9
2032,6,10
2032,6,11
2032,6,12
2032,6,13
2032,6,14
2032,6,15
2032,6,16
2032,6,17
2032,6,18
2032,6,19
2032,6,20
2032,6,21
2032,6,22
2032,6,23
2032,6,24
2032,6,25
2032,6,26
2032,6,27
2032,6,28
2032,6,29
2032,6,30
2032,7,1
2032,7,2
2032,7,3
2032,7,4
2032,7,5
2032,7,6
2032,7,7
2032,7,8
2032,7,9
2032,7,10
2032,7,11
2032,7,12
2032,7,13
2032,7,14
2032,7,15
2032,7,16
2032,7,17
2032,7,18
2032,7,19
2032,7,20
2032,7,21
2032,7,22
2032,7,23
2032,7,24
2032,7,25
2032,7,26
2032,7,27
2032,7,28
2032,7,29
2032,7,30
2032,7,31
2032,8,1
2032,8,2
2032,8,3
2032,8,4
2032,8,5
2032,8,6
2032,8,7
2032,8,8
2032,8,9
2032,8,10
2032,8,11
2032,8,12
2032,8,13
2032,8,14
2032,8,15
2032,8,16
2032,8,17
2032,8,18
2032,8,19
2032,8,20
2032,8,21
2032,8,22
2032,8,23
2032,8,24
2032,8,25
2032,8,26
2032,8,27
2032,8,28
2032,8,29
2032,8,30
2032,8,31
2032,9,1
2032,9,2
2032,9,3
2032,9,4
2032,9,5
2032,9,6
2032,9,7
2032,9,8
2032,9,9
2032,9,10
2032,9,11
2032,9,12
2032,9,13
2032,9,14
2032,9,15
2032,9,16
2032,9,17
2032,9,18
2032,9,19
2032,9,20
2032,9,21
2032,9,22
2032,9,23
2032,9,24
2032,9,25
2032,9,26
2032,9,27
2032,9,28
2032,9,29
2032,9,30
2032,10,1
2032,10,2
2032,10,3
2032,10,4
2032,10,5
2032,10,6
2032,10,7
2032,10,8
2032,10,9
2032,10,10
2032,10,11
2032,10,12
2032,10,13
2032,10,14
2032,10,15
2032,10,16
2032,10,17
2032,10,18
2032,10,19
2032,10,20
2032,10,21
2032,10,22
2032,10,23
2032,10,24
2032,10,25
2032,10,26
2032,10,27
2032,10,28
2032,10,29
2032,10,30
2032,10,31
2032,11,1
2032,11,2
2032,11,3
2032,11,4
2032,11,5
2032,11,6
2032,11,7
2032,11,8
2032,11,9
2032,11,10
2032,11,11
2032,11,12
2032,11,13
2032,11,14
2032,11,15
2032,11,16
2032,11,17
2032,11,18
2032,11,19
2032,11,20
2032,11,21
2032,11,22
2032,11,23
2032,11,24
2032,11,25
2032,11,26
2032,11,27
2032,11,28
2032,11,29
2032,11,30
2032,12,1
2032,12,2
2032,12,3
2032,12,4
2032,12,5
2032,12,6
2032,12,7
2032,12,8
2032,12,9
2032,12,10
2032,12,11
2032,12,12
2032,12,13
2032,12,14
2032,12,15
2032,12,16
2032,12,17
2032,12,18
2032,12,19
2032,12,20
2032,12,21
2032,12,22
2032,12,23
2032,12,24
2032,12,25
2032,12,26
2032,12,27
2032,12,28
2032,12,29
2032,12,30
2032,12,31
2033,1,1
2033,1,2
2033,1,3
2033,1,4
2033,1,5
2033,1,6
2033,1,7
2033,1,8
2033,1,9
2033,1,10
2033,1,11
2033,1,12
2033,1,13
2033,1,14
2033,1,15
2033,1,16
2033,1,17
2033,1,18
2033,1,19
2033,1,20
2033,1,21
2033,1,22
2033,1,23
2033,1,24
2033,1,25
2033,1,26
2033,1,27
2033,1,28
2033,1,29
2033,1,30
2033,1,31
2033,2,1
2033,2,2
2033,2,3
2033,2,4
2033,2,5
2033,2,6
2033,2,7
2033,2,8
2033,2,9
2033,2,10
2033,2,11
2033,2,12
2033,2,13
2033,2,14
2033,2,15
2033,2,16
2033,2,17
2033,2,18
2033,2,19
2033,2,20
2033,2,21
2033,2,22
2033,2,23
2033,2,24
2033,2,25
2033,2,26
2033,2,27
2033,2,28
2033,3,1
2033,3,2
2033,3,3
2033,3,4
2033,3,5
2033,3,6
2033,3,7
2033,3,8
2033,3,9
2033,3,10
2033,3,11
2033,3,12
2033,3,13
2033,3,14
2033,3,15
2033,3,16
2033,3,17
2033,3,18
2033,3,19
2033,3,20
2033,3,21
2033,3,22
2033,3,23
2033,3,24
2033,3,25
2033,3,26
2033,3,27
2033,3,28
2033,3,29
2033,3,30
2033,3,31
2033,4,1
2033,4,2
2033,4,3
2033,4,4
2033,4,5
2033,4,6
2033,4,7
2033,4,8
2033,4,9
2033,4,10
2033,4,11
2033,4,12
2033,4,13
2033,4,14
2033,4,15
2033,4,16
2033,4,17
2033,4,18
2033,4,19
2033,4,20
2033,4,21
2033,4,22
2033,4,23
2033,4,24
2033,4,25
2033,4,26
2033,4,27
2033,4,28
2033,4,29
2033,4,30
2033,5,1
2033,5,2
2033,5,3
2033,5,4
2033,5,5
2033,5,6
2033,5,7
2033,5,8
2033,5,9
2033,5,10
2033,5,11
2033,5,12
2033,5,13
2033,5,14
2033,5,15
2033,5,16
2033,5,17
2033,5,18
2033,5,19
2033,5,20
2033,5,21
2033,5,22
2033,5,23
2033,5,24
2033,5,25
2033,5,26
2033,5,27
2033,5,28
2033,5,29
2033,5,30
2033,5,31
2033,6,1
2033,6,2
2033,6,3
2033,6,4
2033,6,5
2033,6,6
2033,6,7
2033,6,8
2033,6,9
2033,6,10
2033,6,11
2033,6,12
2033,6,13
2033,6,14
2033,6,15
2033,6,16
2033,6,17
2033,6,18
2033,6,19
2033,6,20
2033,6,21
2033,6,22
2033,6,23
2033,6,24
2033,6,25
2033,6,26
2033,6,27
2033,6,28
2033,6,29
2033,6,30
2033,7,1
2033,7,2
2033,7,3
2033,7,4
2033,7,5
2033,7,6
2033,7,7
2033,7,8
2033,7,9
2033,7,10
2033,7,11
2033,7,12
2033,7,13
2033,7,14
2033,7,15
2033,7,16
2033,7,17
2033,7,18
2033,7,19
2033,7,20
2033,7,21
2033,7,22
2033,7,23
2033,7,24
2033,7,25
2033,7,26
2033,7,27
2033,7,28
2033,7,29
2033,7,30
2033,7,31
2033,8,1
2033,8,2
2033,8,3
2033,8,4
2033,8,5
2033,8,6
2033,8,7
2033,8,8
2033,8,9
2033,8,10
2033,8,11
2033,8,12
2033,8,13
2033,8,14
2033,8,15
2033,8,16
2033,8,17
2033,8,18
2033,8,19
2033,8,20
2033,8,21
2033,8,22
2033,8,23
2033,8,24
2033,8,25
2033,8,26
2033,8,27
2033,8,28
2033,8,29
2033,8,30
2033,8,31
2033,9,1
2033,9,2
2033,9,3
2033,9,4
2033,9,5
2033,9,6
2033,9,7
2033,9,8
2033,9,9
2033,9,10
2033,9,11
2033,9,12
2033,9,13
2033,9,14
2033,9,15
2033,9,16
2033,9,17
2033,9,18
2033,9,19
2033,9,20
2033,9,21
2033,9,22
2033,9,23
2033,9,24
2033,9,25
2033,9,26
2033,9,27
2033,9,28
2033,9,29
2033,9,30
2033,10,1
2033,10,2
2033,10,3
2033,10,4
2033,10,5
2033,10,6
2033,10,7
2033,10,8
2033,10,9
2033,10,10
2033,10,11
2033,10,12
2033,10,13
2033,10,14
2033,10,15
2033,10,16
2033,10,17
2033,10,18
2033,10,19
2033,10,20
2033,10,21
2033,10,22
2033,10,23
2033,10,24
2033,10,25
2033,10,26
2033,10,27
2033,10,28
2033,10,29
2033,10,30
2033,10,31
2033,11,1
2033,11,2
2033,11,3
2033,11,4
2033,11,5
2033,11,6
2033,11,7
2033,11,8
2033,11,9
2033,11,10
2033,11,11
2033,11,12
2033,11,13
2033,11,14
2033,11,15
2033,11,16
2033,11,17
2033,11,18
2033,11,19
2033,11,20
2033,11,21
2033,11,22
2033,11,23
2033,11,24
2033,11,25
2033,11,26
2033,11,27
2033,11,28
2033,11,29
2033,11,30
2033,12,1
2033,12,2
2033,12,3
2033,12,4
2033,12,5
2033,12,6
2033,12,7
2033,12,8
2033,12,9
2033,12,10
2033,12,11
2033,12,12
2033,12,13
2033,12,14
2033,12,15
2033,12,16
2033,12,17
2033,12,18
2033,12,19
2033,12,20
2033,12,21
2033,12,22
2033,12,23
2033,12,24
2033,12,25
2033,12,26
2033,12,27
2033,12,28
2033,12,29
2033,12,30
2033,12,31
2034,1,1
2034,1,2
2034,1,3
2034,1,4
2034,1,5
2034,1,6
2034,1,7
2034,1,8
2034,1,9
2034,1,10
2034,1,11
2034,1,12
2034,1,13
2034,1,14
2034,1,15
2034,1,16
2034,1,17
2034,1,18
2034,1,19
2034,1,20
2034,1,21
2034,1,22
2034,1,23
2034,1,24
2034,1,25
2034,1,26
2034,1,27
2034,1,28
2034,1,29
2034,1,30
2034,1,31
2034,2,1
2034,2,2
2034,2,3
2034,2,4
2034,2,5
2034,2,6
2034,2,7
2034,2,8
2034,2,9
2034,2,10
2034,2,11
2034,2,12
2034,2,13
2034,2,14
2034,2,15
2034,2,16
2034,2,17
2034,2,18
2034,2,19
2034,2,20
2034,2,21
2034,2,22
2034,2,23
2034,2,24
2034,2,25
2034,2,26
2034,2,27
2034,2,28
2034,3,1
2034,3,2
2034,3,3
2034,3,4
2034,3,5
2034,3,6
2034,3,7
2034,3,8
2034,3,9
2034,3,10
2034,3,11
2034,3,12
2034,3,13
2034,3,14
2034,3,15
2034,3,16
2034,3,17
2034,3,18
2034,3,19
2034,3,20
2034,3,21
2034,3,22
2034,3,23
2034,3,24
2034,3,25
2034,3,26
2034,3,27
2034,3,28
2034,3,29
2034,3,30
2034,3,31
2034,4,1
2034,4,2
2034,4,3
2034,4,4
2034,4,5
2034,4,6
2034,4,7
2034,4,8
2034,4,9
2034,4,10
2034,4,11
2034,4,12
2034,4,13
2034,4,14
2034,4,15
2034,4,16
2034,4,17
2034,4,18
2034,4,19
2034,4,20
2034,4,21
2034,4,22
2034,4,23
2034,4,24
2034,4,25
2034,4,26
2034,4,27
2034,4,28
2034,4,29
2034,4,30
2034,5,1
2034,5,2
2034,5,3
2034,5,4
2034,5,5
2034,5,6
2034,5,7
2034,5,8
2034,5,9
2034,5,10
2034,5,11
2034,5,12
2034,5,13
2034,5,14
2034,5,15
2034,5,16
2034,5,17
2034,5,18
2034,5,19
2034,5,20
2034,5,21
2034,5,22
2034,5,23
2034,5,24
2034,5,25
2034,5,26
2034,5,27
2034,5,28
2034,5,29
2034,5,30
2034,5,31
2034,6,1
2034,6,2
2034,6,3
2034,6,4
2034,6,5
2034,6,6
2034,6,7
2034,6,8
2034,6,9
2034,6,10
2034,6,11
2034,6,12
2034,6,13
2034,6,14
2034,6,15
2034,6,16
2034,6,17
2034,6,18
2034,6,19
2034,6,20
2034,6,21
2034,6,22
2034,6,23
2034,6,24
2034,6,25
2034,6,26
2034,6,27
2034,6,28
2034,6,29
2034,6,30
2034,7,1
2034,7,2
2034,7,3
2034,7,4
2034,7,5
2034,7,6
2034,7,7
2034,7,8
2034,7,9
2034,7,10
2034,7,11
2034,7,12
2034,7,13
2034,7,14
2034,7,15
2034,7,16
2034,7,17
2034,7,18
2034,7,19
2034,7,20
2034,7,21
2034,7,22
2034,7,23
2034,7,24
2034,7,25
2034,7,26
2034,7,27
2034,7,28
2034,7,29
2034,7,30
2034,7,31
2034,8,1
2034,8,2
2034,8,3
2034,8,4
2034,8,5
2034,8,6
2034,8,7
2034,8,8
2034,8,9
2034,8,10
2034,8,11
2034,8,12
2034,8,13
2034,8,14
2034,8,15
2034,8,16
2034,8,17
2034,8,18
2034,8,19
2034,8,20
2034,8,21
2034,8,22
2034,8,23
2034,8,24
2034,8,25
2034,8,26
2034,8,27
2034,8,28
2034,8,29
2034,8,30
2034,8,31
2034,9,1
2034,9,2
2034,9,3
2034,9,4
2034,9,5
2034,9,6
2034,9,7
2034,9,8
2034,9,9
2034,9,10
2034,9,11
2034,9,12
2034,9,13
2034,9,14
2034,9,15
2034,9,16
2034,9,17
2034,9,18
2034,9,19
2034,9,20
2034,9,21
2034,9,22
2034,9,23
2034,9,24
2034,9,25
2034,9,26
2034,9,27
2034,9,28
2034,9,29
2034,9,30
2034,10,1
2034,10,2
2034,10,3
2034,10,4
2034,10,5
2034,10,6
2034,10,7
2034,10,8
2034,10,9
2034,10,10
2034,10,11
2034,10,12
2034,10,13
2034,10,14
2034,10,15
2034,10,16
2034,10,17
2034,10,18
2034,10,19
2034,10,20
2034,10,21
2034,10,22
2034,10,23
2034,10,24
2034,10,25
2034,10,26
2034,10,27
2034,10,28
2034,10,29
2034,10,30
2034,10,31
2034,11,1
2034,11,2
2034,11,3
2034,11,4
2034,11,5
2034,11,6
2034,11,7
2034,11,8
2034,11,9
2034,11,10
2034,11,11
2034,11,12
2034,11,13
2034,11,14
2034,11,15
2034,11,16
2034,11,17
2034,11,18
2034,11,19
2034,11,20
2034,11,21
2034,11,22
2034,11,23
2034,11,24
2034,11,25
2034,11,26
2034,11,27
2034,11,28
2034,11,29
2034,11,30
2034,12,1
2034,12,2
2034,12,3
2034,12,4
2034,12,5
2034,12,6
2034,12,7
2034,12,8
2034,12,9
2034,12,10
2034,12,11
2034,12,12
2034,12,13
2034,12,14
2034,12,15
2034,12,16
2034,12,17
2034,12,18
2034,12,19
2034,12,20
2034,12,21
2034,12,22
2034,12,23
2034,12,24
2034,12,25
2034,12,26
2034,12,27
2034,12,28
2034,12,29
2034,12,30
2034,12,31
2035,1,1
2035,1,2
2035,1,3
2035,1,4
2035,1,5
2035,1,6
2035,1,7
2035,1,8
2035,1,9
2035,1,10
2035,1,11
2035,1,12
2035,1,13
2035,1,14
2035,1,15
2035,1,16
2035,1,17
2035,1,18
2035,1,19
2035,1,20
2035,1,21
2035,1,22
2035,1,23
2035,1,24
2035,1,25
2035,1,26
2035,1,27
2035,1,28
2035,1,29
2035,1,30
2035,1,31
2035,2,1
2035,2,2
2035,2,3
2035,2,4
2035,2,5
2035,2,6
2035,2,7
2035,2,8
2035,2,9
2035,2,10
2035,2,11
2035,2,12
2035,2,13
2035,2,14
2035,2,15
2035,2,16
2035,2,17
2035,2,18
2035,2,19
2035,2,20
2035,2,21
2035,2,22
2035,2,23
2035,2,24
2035,2,25
2035,2,26
2035,2,27
2035,2,28
2035,3,1
2035,3,2
2035,3,3
2035,3,4
2035,3,5
2035,3,6
2035,3,7
2035,3,8
2035,3,9
2035,3,10
2035,3,11
2035,3,12
2035,3,13
2035,3,14
2035,3,15
2035,3,16
2035,3,17
2035,3,18
2035,3,19
2035,3,20
2035,3,21
2035,3,22
2035,3,23
2035,3,24
2035,3,25
2035,3,26
2035,3,27
2035,3,28
2035,3,29
2035,3,30
2035,3,31
2035,4,1
2035,4,2
2035,4,3
2035,4,4
2035,4,5
2035,4,6
2035,4,7
2035,4,8
2035,4,9
2035,4,10
2035,4,11
2035,4,12
2035,4,13
2035,4,14
2035,4,15
2035,4,16
2035,4,17
2035,4,18
2035,4,19
2035,4,20
2035,4,21
2035,4,22
2035,4,23
2035,4,24
2035,4,25
2035,4,26
2035,4,27
2035,4,28
2035,4,29
2035,4,30
2035,5,1
2035,5,2
2035,5,3
2035,5,4
2035,5,5
2035,5,6
2035,5,7
2035,5,8
2035,5,9
2035,5,10
2035,5,11
2035,5,12
2035,5,13
2035,5,14
2035,5,15
2035,5,16
2035,5,17
2035,5,18
2035,5,19
2035,5,20
2035,5,21
2035,5,22
2035,5,23
2035,5,24
2035,5,25
2035,5,26
2035,5,27
2035,5,28
2035,5,29
2035,5,30
2035,5,31
2035,6,1
2035,6,2
2035,6,3
2035,6,4
2035,6,5
2035,6,6
2035,6,7
2035,6,8
2035,6,9
2035,6,10
2035,6,11
2035,6,12
2035,6,13
2035,6,14
2035,6,15
2035,6,16
2035,6,17
2035,6,18
2035,6,19
2035,6,20
2035,6,21
2035,6,22
2035,6,23
2035,6,24
2035,6,25
2035,6,26
2035,6,27
2035,6,28
2035,6,29
2035,6,30
2035,7,1
2035,7,2
2035,7,3
2035,7,4
2035,7,5
2035,7,6
2035,7,7
2035,7,8
2035,7,9
2035,7,10
2035,7,11
2035,7,12
2035,7,13
2035,7,14
2035,7,15
2035,7,16
2035,7,17
2035,7,18
2035,7,19
2035,7,20
2035,7,21
2035,7,22
2035,7,23
2035,7,24
2035,7,25
2035,7,26
2035,7,27
2035,7,28
2035,7,29
2035,7,30
2035,7,31
2035,8,1
2035,8,2
2035,8,3
2035,8,4
2035,8,5
2035,8,6
2035,8,7
2035,8,8
2035,8,9
2035,8,10
2035,8,11
2035,8,12
2035,8,13
2035,8,14
2035,8,15
2035,8,16
2035,8,17
2035,8,18
2035,8,19
2035,8,20
2035,8,21
2035,8,22
2035,8,23
2035,8,24
2035,8,25
2035,8,26
2035,8,27
2035,8,28
2035,8,29
2035,8,30
2035,8,31
2035,9,1
2035,9,2
2035,9,3
2035,9,4
2035,9,5
2035,9,6
2035,9,7
2035,9,8
2035,9,9
2035,9,10
2035,9,11
2035,9,12
2035,9,13
2035,9,14
2035,9,15
2035,9,16
2035,9,17
2035,9,18
2035,9,19
2035,9,20
2035,9,21
2035,9,22
2035,9,23
2035,9,24
2035,9,25
2035,9,26
2035,9,27
2035,9,28
2035,9,29
2035,9,30
2035,10,1
2035,10,2
2035,10,3
2035,10,4
2035,10,5
2035,10,6
2035,10,7
2035,10,8
2035,10,9
2035,10,10
2035,10,11
2035,10,12
2035,10,13
2035,10,14
2035,10,15
2035,10,16
2035,10,17
2035,10,18
2035,10,19
2035,10,20
2035,10,21
2035,10,22
2035,10,23
2035,10,24
2035,10,25
2035,10,26
2035,10,27
2035,10,28
2035,10,29
2035,10,30
2035,10,31
2035,11,1
2035,11,2
2035,11,3
2035,11,4
2035,11,5
2035,11,6
2035,11,7
2035,11,8
2035,11,9
2035,11,10
2035,11,11
2035,11,12
2035,11,13
2035,11,14
2035,11,15
2035,11,16
2035,11,17
2035,11,18
2035,11,19
2035,11,20
2035,11,21
2035,11,22
2035,11,23
2035,11,24
2035,11,25
2035,11,26
2035,11,27
2035,11,28
2035,11,29
2035,11,30
2035,12,1
2035,12,2
2035,12,3
2035,12,4
2035,12,5
2035,12,6
2035,12,7
2035,12,8
2035,12,9
2035,12,10
2035,12,11
2035,12,12
2035,12,13
2035,12,14
2035,12,15
2035,12,16
2035,12,17
2035,12,18
2035,12,19
2035,12,20
2035,12,21
2035,12,22
2035,12,23
2035,12,24
2035,12,25
2035,12,26
2035,12,27
2035,12,28
2035,12,29
2035,12,30
2035,12,31
