YEAR,MONTH,DAY,All Sky Insolation Clearness Index,Specific Humidity at 2 Meters (g/kg),Temperature at 2 Meters (C),Dew/Frost Point at 2 Meters (C),Wet Bulb Temperature at 2 Meters (C),Wind Speed at 50 Meters Maximum (m/s),Wind Speed at 50 Meters Minimum (m/s),Surface Pressure (kPa),Relative Humidity at 2 Meters (%),MERRA-2 Precipitation Corrected (mm/day)
2022,1,1,0.42710167,8.506114,17.440306,10.912183,14.180562,5.340008,1.9192281,103.13927,69.628876,0.13901216
2022,1,2,0.42750442,8.48014,17.48286,10.895183,14.194173,5.364791,1.922117,103.12545,69.39615,0.15875375
2022,1,3,0.42790723,8.454162,17.525414,10.878183,14.20779,5.389577,1.9250073,103.111595,69.16335,0.17850003
2022,1,4,0.42831016,8.428183,17.567974,10.861183,14.221406,5.414365,1.9278984,103.09776,68.93058,0.19824669
2022,1,5,0.42871296,8.402201,17.610529,10.844179,14.235017,5.43915,1.930789,103.083916,68.69779,0.21799222
2022,1,6,0.4291157,8.376223,17.653082,10.827177,14.248629,5.463935,1.9336791,103.07006,68.46501,0.23773757
2022,1,7,0.42951864,8.3502445,17.695642,10.810179,14.262247,5.488723,1.9365709,103.056244,68.23225,0.25748363
2022,1,8,0.42992145,8.324264,17.738195,10.793176,14.275859,5.5135074,1.9394593,103.04238,67.99945,0.27722976
2022,1,9,0.43065256,8.296106,17.785767,10.785306,14.300717,5.5399494,1.9396312,103.02112,67.75005,0.30378178
2022,1,10,0.4318989,8.264547,17.841177,10.791784,14.343221,5.5689745,1.935533,102.98822,67.47473,0.34100947
2022,1,11,0.43314534,8.232982,17.896599,10.798266,14.385734,5.5980053,1.9314346,102.9553,67.19933,0.3782451
2022,1,12,0.43439162,8.201418,17.952013,10.80474,14.428236,5.6270328,1.9273374,102.92238,66.923965,0.4154757
2022,1,13,0.43605644,8.1603565,18.02591,10.81354,14.484675,5.665557,1.9221456,102.88512,66.56522,0.4643635
2022,1,14,0.4377861,8.11782,18.102676,10.822705,14.543282,5.7055554,1.9167833,102.84715,66.19351,0.51506495
2022,1,15,0.43951583,8.075283,18.179445,10.831864,14.601883,5.7455535,1.9114218,102.8092,65.821815,0.5657636
2022,1,16,0.44124585,8.032733,18.256231,10.8410225,14.660495,5.7855606,1.9060583,102.771225,65.45003,0.61647344
2022,1,17,0.44297558,7.9902,18.332993,10.850186,14.719095,5.8255563,1.9006958,102.73329,65.07836,0.6671697
2022,1,18,0.44470555,7.947654,18.409782,10.859348,14.777711,5.865565,1.895334,102.69533,64.70658,0.71788085
2022,1,19,0.44643563,7.9051085,18.486563,10.868509,14.836324,5.9055696,1.8899701,102.65738,64.33483,0.7685863
2022,1,20,0.4481657,7.862566,18.563343,10.877675,14.894935,5.9455724,1.8846071,102.61942,63.963093,0.81929374
2022,1,21,0.44940895,7.837221,18.657925,10.893726,14.959867,5.9826427,1.8825505,102.574814,63.590717,0.8601285
2022,1,22,0.44903225,7.8691483,18.811811,10.93274,15.045861,6.009943,1.8914969,102.50813,63.21634,0.86809254
2022,1,23,0.4486559,7.901084,18.96575,10.971772,15.13189,6.037253,1.9004443,102.441444,62.841854,0.8760607
2022,1,24,0.44827926,7.933016,19.119665,11.010791,15.217898,6.0645595,1.9093931,102.37476,62.46742,0.88402677
2022,1,25,0.44790262,7.964941,19.273542,11.049804,15.303888,6.091858,1.9183385,102.30808,62.093056,0.89198947
2022,1,26,0.44751823,7.9966335,19.42628,11.088535,15.389231,6.1188707,1.9271896,102.240005,61.719994,0.8998735
2022,1,27,0.447097,8.027205,19.573513,11.125881,15.471436,6.1445265,1.9355946,102.16552,61.353336,0.907364
2022,1,28,0.4466762,8.057768,19.72073,11.163225,15.553632,6.1701784,1.9439976,102.09105,60.986732,0.91485536
2022,1,29,0.44625485,8.088347,19.867983,11.200581,15.635851,6.195838,1.9524047,102.01655,60.620037,0.92234683
2022,1,30,0.44583362,8.118917,20.015205,11.237924,15.718047,6.2214913,1.9608107,101.942085,60.253418,0.9298378
2022,1,31,0.4454124,8.149489,20.162445,11.275274,15.800258,6.247148,1.9692154,101.86758,59.886738,0.93733025
2022,2,1,0.4477741,8.230171,20.45429,11.38069,15.986912,6.3096876,1.9889188,102.24849,59.677555,0.95516634
2022,2,2,0.447977,8.262249,20.59308,11.42102,16.06838,6.336367,1.9975328,102.278244,59.427315,0.96288013
2022,2,3,0.44820553,8.295096,20.736523,11.462242,16.152327,6.3642583,2.0065513,102.31271,59.17027,0.9709405
2022,2,4,0.44853145,8.330873,20.897629,11.506862,16.245676,6.3967657,2.0171154,102.3653,58.887486,0.98033535
2022,2,5,0.44885755,8.366651,21.058754,11.551486,16.339037,6.4292765,2.027682,102.41789,58.604652,0.9897301
2022,2,6,0.449184,8.402426,21.219866,11.596114,16.43239,6.461783,2.0382435,102.47051,58.3219,0.99912477
2022,2,7,0.44950998,8.438202,21.380978,11.640733,16.525742,6.4942923,2.0488102,102.52309,58.039085,1.0085189
2022,2,8,0.4498359,8.473978,21.542097,11.685356,16.619097,6.5268006,2.0593755,102.57566,57.756264,1.0179143
2022,2,9,0.45016205,8.50976,21.70323,11.729985,16.712465,6.5593133,2.0699418,102.628265,57.47343,1.0273086
2022,2,10,0.45048815,8.545525,21.864305,11.774596,16.805798,6.591815,2.0805042,102.68085,57.1907,1.0367022
2022,2,11,0.45081413,8.5813055,22.025434,11.819222,16.899157,6.6243253,2.0910697,102.73344,56.907867,1.0460963
2022,2,12,0.45114017,8.617079,22.186539,11.863843,16.992508,6.6568317,2.101634,102.78601,56.62507,1.055491
2022,2,13,0.45146632,8.652857,22.347666,11.908471,17.085869,6.6893425,2.1121988,102.83861,56.342266,1.0648853
2022,2,14,0.45179218,8.688631,22.50877,11.95309,17.179216,6.721849,2.1227634,102.89118,56.059467,1.0742798
2022,2,15,0.45211852,8.724402,22.66987,11.997709,17.272562,6.754355,2.1333263,102.94378,55.7767,1.0836742
2022,2,16,0.45244443,8.760184,22.830992,12.042336,17.365921,6.7868648,2.143894,102.996376,55.493885,1.0930691
2022,2,17,0.45277065,8.795953,22.992086,12.086953,17.459263,6.819368,2.1544554,103.04896,55.21113,1.1024607
2022,2,18,0.45301175,8.842875,23.154701,12.148351,17.563406,6.8451085,2.1623564,103.07027,54.950478,1.1098614
2022,2,19,0.45270586,8.961652,23.32695,12.31793,17.737078,6.827177,2.1530564,102.88984,54.832863,1.1044
2022,2,20,0.45239973,9.080426,23.49918,12.487499,17.910742,6.8092446,2.1437597,102.7094,54.715233,1.0989349
2022,2,21,0.45209366,9.199206,23.671423,12.657078,18.084412,6.791311,2.1344619,102.52894,54.5976,1.0934714
2022,2,22,0.4516946,9.326158,23.854477,12.838355,18.269531,6.7712884,2.1242352,102.32325,54.464725,1.0873895
2022,2,23,0.45151627,9.46033,24.05145,13.029817,18.466866,6.753035,2.1144116,102.14942,54.34858,1.0817837
2022,2,24,0.45152754,9.596624,24.25431,13.224192,18.668644,6.736801,2.1052163,102.00738,54.249855,1.07674
2022,2,25,0.45153898,9.732876,24.457108,13.418505,18.870361,6.720573,2.0960207,101.86541,54.151173,1.0716987
2022,2,26,0.45198494,9.85529,24.645582,13.592837,19.054598,6.7112103,2.0895312,101.81597,54.106075,1.0686439
2022,2,27,0.452514,9.97502,24.831266,13.763296,19.23544,6.7031684,2.0835612,101.78432,54.07127,1.0659692
2022,2,28,0.45304328,10.09473,25.016924,13.933726,19.41625,6.6951303,2.0775912,101.752686,54.036484,1.0632974
2022,3,1,0.45799398,10.659291,25.92782,14.73607,20.285889,6.686624,2.0594146,102.043755,54.1179,1.0589973
2022,3,2,0.45882237,10.731524,26.047173,14.838612,20.398499,6.687874,2.0578823,102.11599,54.147827,1.0591068
2022,3,3,0.45966953,10.800948,26.162619,14.937144,20.507084,6.6896806,2.0566127,102.1945,54.181664,1.059384
2022,3,4,0.4605165,10.870368,26.278057,15.0356655,20.615662,6.6914883,2.0553453,102.27302,54.215496,1.0596598
2022,3,5,0.46160537,10.953975,26.418076,15.1542845,20.7469,6.694491,2.0540993,102.37993,54.26313,1.060227
2022,3,6,0.4634149,11.079821,26.631292,15.332732,20.945621,6.701051,2.0529156,102.57143,54.351875,1.0616566
2022,3,7,0.462031,11.242128,26.74657,15.52499,21.10072,6.7078424,2.071495,102.57392,54.67561,1.1767865
2022,3,8,0.46023357,11.409174,26.849176,15.719061,21.250187,6.714664,2.0926363,102.55193,55.029823,1.3066542
2022,3,9,0.4584359,11.5762205,26.951778,15.913131,21.39965,6.7214856,2.113778,102.529945,55.384037,1.4365273
2022,3,10,0.45663846,11.743217,27.054352,16.107143,21.54907,6.728303,2.1349118,102.50793,55.738132,1.5663595
2022,3,11,0.45484078,11.910263,27.15695,16.301214,21.698532,6.7351246,2.1560547,102.48593,56.092365,1.6962367
2022,3,12,0.4530437,12.07727,27.259535,16.495241,21.847961,6.7419434,2.1771898,102.46394,56.44649,1.8260769
2022,3,13,0.4512462,12.244312,27.362137,16.689306,21.997425,6.748765,2.1983306,102.441956,56.800705,1.955947
2022,3,14,0.44944865,12.411338,27.464725,16.883352,22.14687,6.7555847,2.2194703,102.41995,57.15486,2.0857997
2022,3,15,0.4476512,12.578361,27.567314,17.077394,22.296312,6.762406,2.2406087,102.39797,57.509033,2.2156549
2022,3,16,0.44585353,12.7453985,27.66991,17.271456,22.445766,6.769226,2.2617502,102.37595,57.86323,2.3455267
2022,3,17,0.44405615,12.912401,27.772484,17.46547,22.595188,6.7760463,2.2828875,102.35398,58.21735,2.4753573
2022,3,18,0.4422586,13.079451,27.87509,17.659544,22.744658,6.7828674,2.3040276,102.33198,58.571575,2.6052353
2022,3,19,0.4404611,13.24648,27.977684,17.853594,22.894108,6.789688,2.325168,102.30999,58.92576,2.7350945
2022,3,20,0.43866336,13.413519,28.08028,18.047655,23.043562,6.796509,2.3463075,102.28799,59.27995,2.8649602
2022,3,21,0.4368658,13.58055,28.182873,18.241705,23.19301,6.803328,2.3674479,102.26599,59.634125,2.994819
2022,3,22,0.43506873,13.747545,28.285444,18.435719,23.342432,6.810148,2.3885832,102.243996,59.988243,3.1246562
2022,3,23,0.43327093,13.914606,28.38806,18.629807,23.491909,6.8169694,2.4097264,102.22201,60.342487,3.2545364
2022,3,24,0.4314732,14.081642,28.490648,18.823858,23.64136,6.8237906,2.4308684,102.2,60.696674,3.3843992
2022,3,25,0.42967623,14.248633,28.593224,19.017872,23.79078,6.830608,2.452,102.178,61.05078,3.5142345
2022,3,26,0.42787862,14.415691,28.695839,19.21195,23.940252,6.8374324,2.4731436,102.156044,61.40502,3.64411
2022,3,27,0.4260807,14.582735,28.798435,19.406017,24.089714,6.8442516,2.4942853,102.134026,61.75922,3.7739785
2022,3,28,0.42428344,14.749735,28.901003,19.600035,24.239132,6.85107,2.5154202,102.112015,62.11334,3.9038198
2022,3,29,0.42248577,14.916775,29.003605,19.794098,24.388594,6.8578925,2.5365622,102.09003,62.467545,4.0336885
2022,3,30,0.42068863,15.083789,29.106194,19.988132,24.538029,6.8647113,2.5576994,102.06804,62.821693,4.163535
2022,3,31,0.41889077,15.250837,29.208796,20.182201,24.687494,6.8715334,2.578842,102.04605,63.175915,4.2934084
2022,4,1,0.4189756,15.464569,29.378395,20.430649,24.89801,6.90722,2.6142576,102.42975,63.845795,4.4629226
2022,4,2,0.41677696,15.564338,29.38218,20.531637,24.950132,6.9144893,2.6360095,102.3791,64.170845,4.5856366
2022,4,3,0.41457814,15.66414,29.385983,20.632666,25.002283,6.9217644,2.6577663,102.32848,64.496025,4.708388
2022,4,4,0.41237932,15.763941,29.389784,20.73369,25.054432,6.9290376,2.6795237,102.27786,64.821175,4.83113
2022,4,5,0.41018045,15.863744,29.393581,20.834713,25.106579,6.936312,2.7012813,102.227234,65.14635,4.9538794
2022,4,6,0.4079818,15.963527,29.39738,20.935722,25.158716,6.9435844,2.7230353,102.176605,65.471466,5.07661
2022,4,7,0.4057827,16.063326,29.401167,21.036741,25.210857,6.9508586,2.744794,102.12597,65.79662,5.1993594
2022,4,8,0.40358388,16.163122,29.404968,21.13776,25.263,6.9581313,2.7665498,102.07534,66.12177,5.3220997
2022,4,9,0.40138465,16.262938,29.40877,21.238798,25.315155,6.9654064,2.7883103,102.024704,66.446976,5.4448624
2022,4,10,0.3991863,16.362715,29.412567,21.339802,25.367292,6.9726777,2.8100615,101.97408,66.77206,5.5675807
2022,4,11,0.39698762,16.462515,29.416367,21.440832,25.419443,6.9799523,2.831818,101.92347,67.09724,5.6903334
2022,4,12,0.39478844,16.56232,29.42016,21.541851,25.471586,6.987226,2.853579,101.872826,67.42239,5.81308
2022,4,13,0.3925898,16.662113,29.423965,21.642874,25.523733,6.9945,2.8753335,101.82221,67.74754,5.9358225
2022,4,14,0.39039075,16.761915,29.42776,21.743895,25.575878,7.001775,2.8970914,101.77159,68.07271,6.0585675
2022,4,15,0.38819236,16.861704,29.431562,21.84491,25.628021,7.0090475,2.9188466,101.72097,68.39784,6.1813035
2022,4,16,0.38599318,16.9615,29.435347,21.945925,25.680157,7.0163193,2.9406035,101.67031,68.722984,6.3040495
2022,4,17,0.38379478,17.061283,29.439156,22.046932,25.7323,7.023594,2.9623587,101.61972,69.04809,6.42677
2022,4,18,0.3815955,17.161089,29.442942,22.14796,25.784445,7.0308666,2.9841175,101.56906,69.373276,6.5495305
2022,4,19,0.37939703,17.260885,29.446747,22.248983,25.836594,7.0381403,3.0058703,101.51845,69.698425,6.6722703
2022,4,20,0.37719786,17.360683,29.450539,22.350002,25.888735,7.045413,3.02763,101.4678,70.023575,6.795016
2022,4,21,0.37454468,17.480333,29.452799,22.470358,25.949675,7.054757,3.0543234,101.41219,70.42293,6.944552
2022,4,22,0.3717587,17.605768,29.454607,22.59634,26.013174,7.064706,3.0824616,101.355156,70.8439,7.101892
2022,4,23,0.36897272,17.73123,29.456417,22.722359,26.076698,7.0746565,3.1106002,101.29811,71.26498,7.259268
2022,4,24,0.36618632,17.856688,29.458223,22.848368,26.140211,7.0846057,3.1387427,101.24104,71.686035,7.4166408
2022,4,25,0.36340064,17.982117,29.460026,22.974344,26.20371,7.0945525,3.1668758,101.18399,72.10699,7.5739727
2022,4,26,0.36061436,18.107573,29.461836,23.100353,26.267223,7.1045027,3.1950154,101.12694,72.528046,7.731343
2022,4,27,0.3578282,18.23303,29.463638,23.226366,26.33074,7.114452,3.2231557,101.069885,72.949104,7.888716
2022,4,28,0.35504246,18.358469,29.465452,23.352354,26.394243,7.1244016,3.2512925,101.01285,73.37009,8.046057
2022,4,29,0.35225594,18.483923,29.467249,23.478355,26.457748,7.13435,3.279432,100.955765,73.79112,8.203424
2022,4,30,0.3494702,18.609367,29.469067,23.604353,26.521263,7.144298,3.3075678,100.89872,74.212135,8.360777
2022,5,1,0.3458919,18.949476,29.594786,23.967653,26.766111,7.193217,3.3789146,101.20403,75.403114,8.725476
2022,5,2,0.3431064,19.0749,29.596592,24.093626,26.829609,7.203166,3.407049,101.14702,75.82407,8.882803
2022,5,3,0.34031993,19.200363,29.598396,24.219639,26.893126,7.213115,3.4351897,101.08994,76.24513,9.040179
2022,5,4,0.33754772,19.324303,29.598318,24.343538,26.954613,7.223347,3.4634345,101.03634,76.66777,9.197454
2022,5,5,0.33505416,19.41785,29.560154,24.425102,26.975248,7.239315,3.4938438,101.0525,77.12357,9.353123
2022,5,6,0.33256108,19.511383,29.522,24.50666,26.995884,7.2552834,3.524248,101.06868,77.57935,9.508782
2022,5,7,0.33006805,19.60491,29.483826,24.588205,27.01651,7.271248,3.5546503,101.084816,78.03509,9.664437
2022,5,8,0.32757455,19.698456,29.445667,24.669762,27.037146,7.287218,3.5850613,101.10101,78.49088,9.820099
2022,5,9,0.32508063,19.79201,29.407492,24.75133,27.057777,7.303188,3.6154728,101.117165,78.946724,9.975787
2022,5,10,0.3225881,19.885519,29.369337,24.83286,27.078403,7.319152,3.6458702,101.13334,79.402374,10.131407
2022,5,11,0.3200946,19.979067,29.331171,24.914427,27.09904,7.3351192,3.676278,101.14949,79.85818,10.287082
2022,5,12,0.31760132,20.072609,29.293018,24.995985,27.119678,7.3510885,3.706685,101.16568,80.313965,10.4427395
2022,5,13,0.31510764,20.166157,29.254847,25.077545,27.140312,7.3670583,3.7370956,101.18185,80.76978,10.598418
2022,5,14,0.3126145,20.25969,29.21668,25.159101,27.160942,7.3830247,3.7675009,101.19801,81.22555,10.754078
2022,5,15,0.31012148,20.353216,29.178513,25.240643,27.181568,7.3989897,3.797903,101.21416,81.68128,10.909725
2022,5,16,0.30762804,20.44677,29.14036,25.322216,27.202211,7.41496,3.8283136,101.23035,82.13709,11.0654
2022,5,17,0.30513507,20.540277,29.102196,25.403742,27.22283,7.430923,3.858713,101.2465,82.59275,11.221022
2022,5,18,0.3026415,20.633831,29.064026,25.48531,27.24347,7.446894,3.8891234,101.26267,83.048584,11.376704
2022,5,19,0.3001479,20.727371,29.025858,25.56687,27.2641,7.4628596,3.9195302,101.27881,83.50439,11.532375
2022,5,20,0.2976548,20.820904,28.987698,25.648415,27.284727,7.4788265,3.949935,101.294975,83.96012,11.6880245
2022,5,21,0.29516155,20.914442,28.949535,25.72997,27.305357,7.4947944,3.9803407,101.31115,84.41589,11.843683
2022,5,22,0.29266864,21.007967,28.91138,25.81152,27.325996,7.510761,4.010743,101.32733,84.87161,11.999326
2022,5,23,0.29017466,21.10152,28.873201,25.893085,27.346624,7.526731,4.0411553,101.343475,85.32746,12.155017
2022,5,24,0.28768158,21.195053,28.83504,25.974632,27.367258,7.542698,4.071562,101.35965,85.78321,12.31067
2022,5,25,0.2855199,21.289024,28.812298,26.06039,27.397936,7.5585475,4.099967,101.395035,86.2171,12.455582
2022,5,26,0.283486,21.377613,28.792131,26.141685,27.427752,7.5730443,4.1263585,101.42427,86.61984,12.590757
2022,5,27,0.28156453,21.425348,28.752258,26.179512,27.42594,7.5778823,4.142906,101.36011,86.84805,12.681109
2022,5,28,0.27964365,21.47309,28.712404,26.217344,27.42414,7.582721,4.159451,101.29597,87.07623,12.771444
2022,5,29,0.277722,21.520836,28.672535,26.255184,27.422338,7.58756,4.1760015,101.231804,87.30447,12.861805
2022,5,30,0.27580094,21.568577,28.63268,26.293018,27.42054,7.5923986,4.1925483,101.167656,87.532646,12.952143
2022,5,31,0.2738796,21.616323,28.592812,26.330858,27.41874,7.597236,4.209095,101.103485,87.76087,13.042499
2022,6,1,0.2739492,21.751823,28.67254,26.477797,27.532368,7.6313643,4.240905,101.461044,88.34051,13.183239
2022,6,2,0.27202857,21.799557,28.632687,26.515625,27.530573,7.6362023,4.257449,101.396904,88.568665,13.273571
2022,6,3,0.27010727,21.847303,28.592821,26.553463,27.528769,7.6410403,4.273996,101.33275,88.79689,13.363927
2022,6,4,0.26818562,21.89504,28.552948,26.591293,27.526958,7.6458793,4.290546,101.268585,89.0251,13.454276
2022,6,5,0.26626456,21.94279,28.513092,26.629133,27.525162,7.650719,4.3070936,101.20445,89.25333,13.544629
2022,6,6,0.2643432,21.990532,28.47323,26.666971,27.523361,7.655557,4.3236394,101.14029,89.48152,13.634976
2022,6,7,0.26242208,22.038269,28.433363,26.704803,27.521559,7.6603947,4.340186,101.076126,89.709724,13.725322
2022,6,8,0.2605006,22.086014,28.393496,26.742636,27.519754,7.6652346,4.356735,101.01198,89.93794,13.815675
2022,6,9,0.2597217,22.103695,28.369083,26.753416,27.512445,7.6697187,4.365465,101.0106,90.06317,13.859189
2022,6,10,0.26004684,22.092312,28.359612,26.738043,27.499813,7.673862,4.3666387,101.06992,90.08886,13.857427
2022,6,11,0.26037186,22.080908,28.350113,26.72264,27.487162,7.678002,4.3678083,101.12921,90.1145,13.855656
2022,6,12,0.2606972,22.069513,28.340635,26.707256,27.474524,7.682144,4.36898,101.18852,90.14016,13.853888
2022,6,13,0.26102233,22.05812,28.33115,26.691864,27.461884,7.6862874,4.370154,101.24785,90.16581,13.852112
2022,6,14,0.26134747,22.04673,28.321667,26.67648,27.44924,7.6904283,4.3713245,101.30714,90.19146,13.8503475
2022,6,15,0.26167268,22.03534,28.312183,26.661093,27.4366,7.694571,4.372498,101.36646,90.21714,13.848578
2022,6,16,0.26199794,22.023935,28.30269,26.645697,27.42395,7.6987123,4.3736672,101.425766,90.24278,13.846809
2022,6,17,0.26232296,22.01255,28.293215,26.630316,27.41132,7.702854,4.3748417,101.48507,90.26845,13.845042
2022,6,18,0.26264817,22.00116,28.283735,26.614935,27.398682,7.706998,4.376014,101.544395,90.29413,13.843277
2022,6,19,0.26297337,21.989765,28.27425,26.599545,27.386038,7.7111382,4.377185,101.6037,90.31978,13.841506
2022,6,20,0.2632615,21.983215,28.265411,26.591446,27.378084,7.712337,4.3771987,101.64941,90.35507,13.83887
2022,6,21,0.26339322,21.99724,28.25934,26.614323,27.390036,7.7010307,4.3722873,101.637344,90.43131,13.832549
2022,6,22,0.2635249,22.011274,28.253267,26.637209,27.401999,7.6897287,4.36738,101.62532,90.50758,13.826237
2022,6,23,0.26365626,22.025301,28.247185,26.660088,27.413952,7.6784196,4.3624663,101.61324,90.58381,13.819913
2022,6,24,0.26378816,22.039328,28.24112,26.682976,27.425915,7.6671133,4.3575535,101.6012,90.660065,13.813593
2022,6,25,0.26391935,22.05335,28.23504,26.705849,27.437864,7.6558094,4.352645,101.589134,90.73629,13.807276
2022,6,26,0.26405108,22.067383,28.228958,26.728735,27.449825,7.6445007,4.347732,101.57708,90.812584,13.800957
2022,6,27,0.26418263,22.08141,28.222885,26.751616,27.461779,7.633195,4.342823,101.56501,90.88881,13.794638
2022,6,28,0.2643144,22.09543,28.216808,26.774487,27.473734,7.6218905,4.33791,101.552956,90.96504,13.788316
2022,6,29,0.2644459,22.109459,28.210728,26.797369,27.48569,7.6105833,4.332999,101.54089,91.0413,13.782
2022,6,30,0.26457745,22.123487,28.204653,26.82025,27.497646,7.599279,4.328089,101.52885,91.117546,13.775681
2022,7,1,0.266576,22.242367,28.307549,26.975103,27.633963,7.608827,4.336612,101.92334,91.638535,13.826161
2022,7,2,0.2667076,22.256386,28.301474,26.997978,27.645912,7.597524,4.3317003,101.91129,91.714775,13.819845
2022,7,3,0.26683915,22.27042,28.295403,27.020863,27.657875,7.5862184,4.3267922,101.89924,91.79103,13.813526
2022,7,4,0.26697075,22.284449,28.289328,27.043747,27.669834,7.5749116,4.3218803,101.88719,91.86729,13.807211
2022,7,5,0.26710218,22.298477,28.283247,27.066628,27.681791,7.563605,4.31697,101.87512,91.94353,13.800889
2022,7,6,0.26723385,22.312502,28.277168,27.089504,27.693743,7.552299,4.312057,101.86306,92.019775,13.794569
2022,7,7,0.2673654,22.326527,28.271091,27.112383,27.705696,7.540994,4.307148,101.851006,92.09603,13.788253
2022,7,8,0.26749688,22.340555,28.265017,27.135265,27.717651,7.5296865,4.302236,101.838936,92.17227,13.78193
2022,7,9,0.26751548,22.349077,28.250904,27.151758,27.722519,7.5157657,4.2959085,101.79823,92.227066,13.771194
2022,7,10,0.26736134,22.349152,28.22449,27.158445,27.716515,7.497845,4.2874117,101.71362,92.24895,13.753683
2022,7,11,0.26720703,22.349236,28.198082,27.16515,27.710522,7.4799213,4.2789125,101.629005,92.27086,13.736175
2022,7,12,0.26705265,22.34931,28.171656,27.171843,27.704514,7.4619966,4.270412,101.54439,92.29274,13.718663
2022,7,13,0.26689827,22.3494,28.145247,27.178545,27.69852,7.444073,4.261916,101.45978,92.31466,13.701154
2022,7,14,0.26674396,22.34948,28.11883,27.185246,27.692526,7.4261494,4.253417,101.37517,92.33657,13.683646
2022,7,15,0.26658958,22.349562,28.092417,27.191935,27.686523,7.4082284,4.2449226,101.290565,92.35846,13.666134
2022,7,16,0.26643527,22.34964,28.065996,27.198635,27.680523,7.3903036,4.2364225,101.20594,92.38036,13.648625
2022,7,17,0.26676464,22.338898,28.047777,27.19525,27.672087,7.373971,4.2257657,101.159935,92.375755,13.617052
2022,7,18,0.26782227,22.311867,28.041883,27.176691,27.659986,7.3600287,4.2118526,101.17204,92.33126,13.564291
2022,7,19,0.2688799,22.28483,28.035992,27.158125,27.647884,7.3460855,4.1979413,101.184135,92.28676,13.511527
2022,7,20,0.2699371,22.257809,28.030104,27.13957,27.635786,7.3321466,4.184033,101.19624,92.24228,13.45878
2022,7,21,0.27099484,22.230766,28.02421,27.121004,27.623678,7.3182015,4.1701174,101.208336,92.197754,13.406014
2022,7,22,0.272052,22.203747,28.018318,27.102451,27.611588,7.304265,4.156213,101.22044,92.15329,13.3532715
2022,7,23,0.2731099,22.176706,28.01243,27.083889,27.599482,7.290319,4.142297,101.232544,92.10878,13.300505
2022,7,24,0.2741673,22.149681,28.006536,27.065332,27.587381,7.2763786,4.128389,101.24465,92.064285,13.247748
2022,7,25,0.2752248,22.122658,28.000656,27.046778,27.57529,7.262439,4.1144795,101.25676,92.01981,13.195
2022,7,26,0.27628243,22.095623,27.994764,27.028217,27.563189,7.248495,4.1005664,101.26886,91.97531,13.142238
2022,7,27,0.27733994,22.068592,27.988874,27.009659,27.551088,7.234553,4.086655,101.28096,91.93081,13.089477
2022,7,28,0.2783972,22.041552,27.982973,26.991087,27.53898,7.220611,4.072744,101.29303,91.886284,13.03672
2022,7,29,0.27945495,22.01453,27.977093,26.972536,27.526888,7.2066703,4.058834,101.30516,91.84182,12.983968
2022,7,30,0.28051227,21.9875,27.971197,26.953974,27.514782,7.1927314,4.0449257,101.317276,91.797325,12.931213
2022,7,31,0.2815699,21.960466,27.96531,26.935417,27.502684,7.178787,4.0310116,101.32936,91.75282,12.878452
2022,8,1,0.2841252,22.034441,28.074148,27.036196,27.608824,7.1975846,4.037672,101.753,92.10659,12.900395
2022,8,2,0.2851826,22.007414,28.068262,27.017645,27.59673,7.1836452,4.023762,101.76511,92.06211,12.847649
2022,8,3,0.28624016,21.980385,28.062372,26.999083,27.584627,7.1697035,4.009852,101.77721,92.01762,12.794888
2022,8,4,0.28729737,21.953358,28.05648,26.980522,27.572529,7.1557636,3.9959435,101.78932,91.97313,12.742135
2022,8,5,0.28835517,21.926325,28.050592,26.961966,27.56043,7.141821,3.9820316,101.80142,91.928635,12.689378
2022,8,6,0.28941262,21.899288,28.044699,26.943401,27.548325,7.1278777,3.9681191,101.8135,91.884125,12.636616
2022,8,7,0.29047,21.87226,28.038803,26.924839,27.53622,7.113936,3.9542074,101.82559,91.83962,12.5838585
2022,8,8,0.29152775,21.845228,28.032917,26.906284,27.524124,7.0999956,3.9402983,101.83772,91.79515,12.531107
2022,8,9,0.2925853,21.818197,28.027023,26.887722,27.512022,7.0860515,3.9263852,101.849815,91.75063,12.478338
2022,8,10,0.29364264,21.791168,28.02114,26.86917,27.499924,7.072113,3.9124773,101.861916,91.706154,12.425597
2022,8,11,0.29470015,21.76414,28.015247,26.850607,27.487822,7.0581703,3.8985665,101.87401,91.661644,12.372833
2022,8,12,0.2957577,21.7371,28.009354,26.832045,27.475723,7.0442276,3.8846526,101.886116,91.61715,12.320075
2022,8,13,0.29681534,21.710075,28.00347,26.813486,27.463623,7.0302854,3.870743,101.898224,91.57266,12.267316
2022,8,14,0.29787266,21.683044,27.997574,26.794924,27.451519,7.016344,3.856833,101.91032,91.52816,12.2145605
2022,8,15,0.29893035,21.656013,27.991686,26.776367,27.439425,7.0024033,3.842922,101.92243,91.48367,12.161807
2022,8,16,0.29998785,21.628979,27.985792,26.757801,27.427315,6.9884605,3.8290098,101.93454,91.43917,12.10904
2022,8,17,0.30104494,21.601955,27.979906,26.73925,27.415222,6.974521,3.8151016,101.94662,91.39468,12.056297
2022,8,18,0.3021028,21.574924,27.974018,26.720692,27.403126,6.9605784,3.8011909,101.95874,91.35019,12.003535
2022,8,19,0.3031602,21.547895,27.968124,26.702135,27.391027,6.946637,3.787279,101.97085,91.305695,11.950779
2022,8,20,0.304218,21.520866,27.962242,26.683577,27.378931,6.932698,3.7733703,101.98297,91.26122,11.898026
2022,8,21,0.30527514,21.49384,27.956348,26.66502,27.366829,6.918756,3.7594607,101.995056,91.21673,11.845271
2022,8,22,0.30633283,21.466808,27.950462,26.64646,27.35473,6.904815,3.7455478,102.00716,91.172226,11.7925205
2022,8,23,0.30739045,21.43977,27.944561,26.627893,27.342625,6.89087,3.7316346,102.01925,91.127716,11.739751
2022,8,24,0.3084482,21.41274,27.938679,26.609337,27.330526,6.8769293,3.7177231,102.03137,91.08324,11.686995
2022,8,25,0.30950528,21.385712,27.932783,26.590778,27.318424,6.86299,3.7038155,102.043465,91.03874,11.634247
2022,8,26,0.31056303,21.358679,27.926897,26.572216,27.306328,6.849046,3.689902,102.055565,90.99424,11.581484
2022,8,27,0.3116203,21.331644,27.920998,26.55365,27.294218,6.8351035,3.6759913,102.06766,90.94973,11.528722
2022,8,28,0.3126778,21.304615,27.91511,26.535093,27.282122,6.8211627,3.662082,102.07974,90.905235,11.475973
2022,8,29,0.3137353,21.27759,27.909225,26.516539,27.270025,6.8072205,3.6481717,102.091866,90.86075,11.423211
2022,8,30,0.31479275,21.25056,27.90333,26.497978,27.257925,6.79328,3.6342618,102.103966,90.81626,11.370461
2022,8,31,0.31585044,21.22353,27.897444,26.47942,27.245827,6.77934,3.6203527,102.11609,90.77178,11.317703
2022,9,1,0.3184057,21.2975,28.006289,26.580202,27.351965,6.7981353,3.6270082,102.5397,91.125534,11.339641
2022,9,2,0.3194632,21.270468,28.000391,26.561638,27.33986,6.7841964,3.6130993,102.55181,91.08104,11.286896
2022,9,3,0.3205207,21.24344,27.994505,26.543083,27.327766,6.7702546,3.5991888,102.56392,91.03656,11.234137
2022,9,4,0.3215782,21.216412,27.988613,26.524525,27.315666,6.7563133,3.5852783,102.57603,90.99207,11.181379
2022,9,5,0.32263577,21.18938,27.982725,26.50596,27.303562,6.74237,3.5713677,102.58812,90.94756,11.128617
2022,9,6,0.32369322,21.162352,27.976833,26.487406,27.291468,6.7284293,3.5574563,102.60023,90.90307,11.075867
2022,9,7,0.3247506,21.135317,27.97094,26.468842,27.279358,6.7144866,3.543545,102.61231,90.85856,11.023107
2022,9,8,0.32580817,21.108286,27.96505,26.450287,27.267262,6.7005453,3.529634,102.62442,90.81407,10.97035
2022,9,9,0.32686597,21.081257,27.959166,26.431732,27.255169,6.6866026,3.5157208,102.63654,90.76959,10.917586
2022,9,10,0.32792324,21.054232,27.953276,26.413176,27.243067,6.672665,3.501815,102.648636,90.725105,10.864847
2022,9,11,0.32898086,21.027193,27.94738,26.394608,27.230963,6.658721,3.4879022,102.66074,90.680595,10.8120775
2022,9,12,0.3300382,21.00016,27.941483,26.376041,27.218859,6.6447787,3.4739907,102.67282,90.636086,10.75932
2022,9,13,0.3310958,20.973137,27.935602,26.35749,27.206766,6.6308384,3.4600804,102.68496,90.59161,10.706567
2022,9,14,0.33215374,20.946102,27.929712,26.338932,27.194668,6.6168942,3.4461668,102.697044,90.547104,10.653807
2022,9,15,0.333211,20.919075,27.923828,26.320375,27.182566,6.6029553,3.4322588,102.70915,90.50263,10.601054
2022,9,16,0.33426845,20.892042,27.917929,26.301807,27.170462,6.5890126,3.4183466,102.72125,90.45812,10.548295
2022,9,17,0.3353256,20.865017,27.912035,26.28325,27.158363,6.5750732,3.40444,102.73334,90.41363,10.495547
2022,9,18,0.3363834,20.837984,27.906147,26.264694,27.146263,6.5611305,3.3905277,102.74546,90.36914,10.442782
2022,9,19,0.33744103,20.81095,27.90026,26.24613,27.134163,6.5471873,3.376615,102.75756,90.32464,10.390024
2022,9,20,0.33849847,20.783926,27.894375,26.227581,27.122068,6.5332475,3.3627062,102.76968,90.28017,10.337274
2022,9,21,0.33992535,20.740147,27.879906,26.194809,27.098518,6.5118175,3.3419106,102.76622,90.19681,10.258552
2022,9,22,0.34151578,20.688969,27.86165,26.15576,27.069914,6.4870787,3.3180733,102.75592,90.09629,10.168359
2022,9,23,0.34407216,20.570099,27.787296,26.042995,26.9752,6.4501324,3.2804809,102.75388,89.9192,10.017782
2022,9,24,0.3467219,20.444698,27.70753,25.923115,26.874111,6.412009,3.2415605,102.75264,89.73471,9.861381
2022,9,25,0.34937096,20.319319,27.627773,25.803259,26.773039,6.3738933,3.2026482,102.7514,89.55027,9.705016
2022,9,26,0.3520205,20.19392,27.54801,25.683378,26.671953,6.335769,3.163726,102.75015,89.36578,9.548612
2022,9,27,0.35467035,20.068506,27.46823,25.563484,26.570847,6.2976427,3.1248047,102.74892,89.18127,9.392199
2022,9,28,0.35731983,19.943123,27.388475,25.443626,26.469774,6.2595253,3.085889,102.74767,88.996826,9.235823
2022,9,29,0.35996926,19.81772,27.3087,25.32374,26.368681,6.221402,3.0469697,102.74643,88.81234,9.079422
2022,9,30,0.36261845,19.692337,27.228945,25.203875,26.267605,6.183284,3.0080543,102.74517,88.62787,8.923044
2022,10,1,0.36850893,19.598663,27.226357,25.141312,26.234497,6.153516,2.9650097,103.16162,88.73678,8.743936
2022,10,2,0.371158,19.473288,27.146605,25.021458,26.133429,6.115399,2.926095,103.16036,88.55233,8.587565
2022,10,3,0.37380743,19.347885,27.066832,24.901575,26.032333,6.0772758,2.887177,103.15912,88.36783,8.431166
2022,10,4,0.37645704,19.222492,26.987068,24.781704,25.931253,6.0391564,2.8482587,103.15789,88.18337,8.274777
2022,10,5,0.3791067,19.097075,26.907286,24.661802,25.830141,6.001028,2.8093357,103.15665,87.998856,8.118358
2022,10,6,0.38175613,18.971699,26.82754,24.541946,25.729078,5.9629126,2.7704227,103.155426,87.81443,7.961987
2022,10,7,0.3844055,18.846292,26.74776,24.422058,25.627977,5.92479,2.731504,103.15417,87.62992,7.8055882
2022,10,8,0.3870551,18.720901,26.668003,24.302189,25.5269,5.886667,2.692585,103.152916,87.44545,7.649194
2022,10,9,0.38970506,18.595486,26.588224,24.1823,25.425798,5.848541,2.6536598,103.15169,87.260956,7.492781
2022,10,10,0.3923539,18.47012,26.508478,24.062447,25.324734,5.8104286,2.6147532,103.150444,87.07653,7.336425
2022,10,11,0.3950038,18.344698,26.42869,23.942547,25.223623,5.772299,2.5758255,103.14918,86.89199,7.1800013
2022,10,12,0.39765358,18.219303,26.348934,23.822678,25.122545,5.7341776,2.5369062,103.147964,86.707535,7.0236096
2022,10,13,0.40030307,18.093899,26.269157,23.70279,25.021446,5.696054,2.4979873,103.146706,86.52304,6.8672066
2022,10,14,0.40295243,17.968502,26.189392,23.58291,24.920357,5.6579323,2.4590693,103.14547,86.33856,6.710813
2022,10,15,0.40560192,17.843115,26.109634,23.463047,24.81928,5.6198125,2.4201524,103.14423,86.154106,6.554427
2022,10,16,0.40825182,17.717709,26.029863,23.34316,24.718187,5.581688,2.3812304,103.143,85.96962,6.398023
2022,10,17,0.41069967,17.589025,25.940372,23.215115,24.608162,5.5470743,2.3453007,103.14459,85.79111,6.25055
2022,10,18,0.41234404,17.447012,25.811829,23.054167,24.462193,5.5264587,2.3212845,103.15768,85.636284,6.1385794
2022,10,19,0.4139881,17.305033,25.68332,22.893265,24.316265,5.5058484,2.2972739,103.17077,85.481514,6.026637
2022,10,20,0.4156319,17.163052,25.5548,22.73235,24.170328,5.485236,2.2732656,103.183815,85.326706,5.914688
2022,10,21,0.41727608,17.02107,25.426292,22.571447,24.024399,5.4646254,2.2492542,103.19689,85.17193,5.8027472
2022,10,22,0.41891998,16.879093,25.297783,22.410543,23.878471,5.444015,2.2252467,103.20996,85.01715,5.690805
2022,10,23,0.420564,16.737103,25.169254,22.249624,23.732525,5.4234004,2.2012343,103.223015,84.86233,5.578848
2022,10,24,0.422208,16.595112,25.040731,22.0887,23.586575,5.402788,2.177224,103.236084,84.707535,5.4668956
2022,10,25,0.42385203,16.453144,24.912235,21.927814,23.440662,5.38218,2.1532154,103.24917,84.55278,5.3549666
2022,10,26,0.42549616,16.311152,24.783712,21.766891,23.294716,5.361567,2.1292028,103.26224,84.39797,5.24301
2022,10,27,0.42714018,16.16916,24.655186,21.605972,23.148773,5.340955,2.105193,103.275314,84.24318,5.1310563
2022,10,28,0.4287839,16.027193,24.526686,21.445078,23.002853,5.3203454,2.081185,103.28836,84.088394,5.0191236
2022,10,29,0.43042803,15.8852,24.398159,21.284151,22.856905,5.2997327,2.0571742,103.301445,83.9336,4.907169
2022,10,30,0.43207216,15.743232,24.269665,21.12327,22.710993,5.279123,2.033163,103.314514,83.77883,4.7952356
2022,10,31,0.43371618,15.60123,24.141127,20.962332,22.565035,5.258509,2.0091505,103.32758,83.62402,4.683273
2022,11,1,0.43662715,15.627515,24.202318,21.006193,22.618307,5.2726054,2.009913,103.74995,83.92714,4.6751366
2022,11,2,0.4382708,15.485563,24.073832,20.845316,22.472406,5.251998,1.985908,103.76301,83.77238,4.5632143
2022,11,3,0.43991494,15.343564,23.945301,20.684385,22.326452,5.2313848,1.9618955,103.77608,83.61757,4.451256
2022,11,4,0.44155896,15.201577,23.816784,20.523474,22.180515,5.210773,1.9378848,103.78915,83.462776,4.3393083
2022,11,5,0.44320303,15.059593,23.688267,20.362564,22.034578,5.1901603,1.9138744,103.80222,83.30799,4.227356
2022,11,6,0.44484717,14.917607,23.55975,20.201653,21.888645,5.169549,1.8898618,103.815285,83.1532,4.1154118
2022,11,7,0.44649112,14.775633,23.431242,20.04075,21.742718,5.148938,1.8658533,103.82836,82.99842,4.00347
2022,11,8,0.4481349,14.633648,23.30272,19.879837,21.596775,5.128327,1.8418441,103.841415,82.843605,3.8915231
2022,11,9,0.44977933,14.491638,23.174185,19.718897,21.450817,5.1077113,1.8178275,103.854485,82.6888,3.779558
2022,11,10,0.451423,14.349692,23.045702,19.558031,21.304918,5.0871053,1.7938251,103.86756,82.53404,3.6676376
2022,11,11,0.45306718,14.2077,22.91718,19.39711,21.158974,5.0664935,1.7698123,103.880646,82.379265,3.5556848
2022,11,12,0.45471108,14.065718,22.788662,19.236197,21.013039,5.0458813,1.7458029,103.893715,82.22447,3.4437373
2022,11,13,0.4563552,13.923709,22.660124,19.07526,20.867077,5.025267,1.7217882,103.90678,82.06966,3.3317738
2022,11,14,0.4579993,13.781737,22.531622,18.914362,20.721155,5.0046554,1.6977782,103.91983,81.91486,3.2198339
2022,11,15,0.45904875,13.656823,22.413202,18.769579,20.587242,4.9875455,1.6785624,103.89394,81.76003,3.1303687
2022,11,16,0.4599349,13.536577,22.29754,18.629198,20.456615,4.971393,1.6606615,103.857315,81.60514,3.0470634
2022,11,17,0.46082097,13.416359,22.181904,18.48885,20.326015,4.955244,1.6427643,103.82071,81.45029,2.9637716
2022,11,18,0.461707,13.296112,22.066235,18.348465,20.19538,4.9390917,1.6248627,103.78407,81.29539,2.880464
2022,11,19,0.46259338,13.175856,21.950565,18.208076,20.06474,4.922938,1.6069562,103.747444,81.14049,2.797154
2022,11,20,0.4634794,13.055644,21.834932,18.067732,19.934143,4.90679,1.589061,103.710846,80.98564,2.713865
2022,11,21,0.46436536,12.935407,21.71927,17.927362,19.803522,4.890639,1.5711603,103.6742,80.83075,2.6305654
2022,11,22,0.46525156,12.815188,21.60364,17.787016,19.672924,4.8744907,1.553261,103.63762,80.67592,2.5472765
2022,11,23,0.46613783,12.694924,21.487957,17.646614,19.542273,4.858335,1.5353582,103.60098,80.520996,2.463956
2022,11,24,0.4670242,12.574691,21.372307,17.506252,19.411657,4.8421845,1.5174563,103.56436,80.36613,2.3806593
2022,11,25,0.46791005,12.454471,21.256662,17.365894,19.281052,4.826036,1.4995584,103.527756,80.21127,2.2973673
2022,11,26,0.46879637,12.334216,21.140995,17.225506,19.15041,4.809882,1.4816566,103.491135,80.056366,2.2140543
2022,11,27,0.4696825,12.213984,21.025341,17.08514,19.019794,4.793732,1.4637563,103.45453,79.90151,2.1307542
2022,11,28,0.4705686,12.093763,20.909702,16.94479,18.889193,4.7775826,1.4458587,103.41789,79.746635,2.0474668
2022,11,29,0.4714551,11.973515,20.79404,16.80441,18.758564,4.7614303,1.4279537,103.3813,79.59177,1.9641582
2022,11,30,0.47234106,11.85329,20.678394,16.664055,18.627954,4.745281,1.4100549,103.34467,79.4369,1.8808669
2022,12,1,0.47598398,11.76377,20.62655,16.57173,18.55373,4.744134,1.394161,103.720314,79.58513,1.7952567
2022,12,2,0.47687006,11.643551,20.510914,16.43138,18.423126,4.727985,1.3762622,103.6837,79.43027,1.7119684
2022,12,3,0.47775608,11.523302,20.395247,16.290993,18.292492,4.7118316,1.3583612,103.64708,79.275375,1.6286566
2022,12,4,0.47864246,11.403067,20.279594,16.150629,18.161875,4.695681,1.3404605,103.61045,79.1205,1.5453597
2022,12,5,0.4795285,11.282829,20.163937,16.010256,18.031254,4.6795297,1.3225601,103.57385,78.96563,1.462054
2022,12,6,0.48041463,11.162592,20.048279,15.869883,17.900629,4.6633782,1.3046587,103.53722,78.81074,1.378755
2022,12,7,0.48130083,11.0423565,19.932627,15.729514,17.77001,4.647227,1.2867587,103.5006,78.65586,1.2954526
2022,12,8,0.48218703,10.922122,19.816975,15.5891485,17.63939,4.631078,1.2688587,103.464005,78.50101,1.212156
2022,12,9,0.4830733,10.801864,19.7013,15.448755,17.508747,4.6149225,1.2509539,103.42737,78.34609,1.1288403
2022,12,10,0.48395944,10.681651,19.585667,15.3084135,17.378157,4.5987744,1.2330549,103.39076,78.19125,1.045554
2022,12,11,0.48484558,10.561404,19.470001,15.168033,17.247524,4.5826225,1.2151542,103.35413,78.036354,0.9622488
2022,12,12,0.48573178,10.441165,19.354347,15.02766,17.116901,4.56647,1.1972533,103.317505,77.88147,0.8789463
2022,12,13,0.48661798,10.3209305,19.238693,14.887293,16.986282,4.55032,1.1793522,103.28091,77.72661,0.7956451
2022,12,14,0.48750407,10.200697,19.12304,14.746928,16.855667,4.5341697,1.1614523,103.24429,77.57174,0.71234643
2022,12,15,0.48839015,10.080463,19.00739,14.60656,16.725046,4.518018,1.1435513,103.20767,77.41686,0.62904406
2022,12,16,0.48927653,9.960222,18.891731,14.466187,16.594423,4.5018663,1.1256496,103.17105,77.26198,0.54574263
2022,12,17,0.48857796,9.8748665,18.772738,14.331087,16.472261,4.4973435,1.1279812,103.15673,77.14561,0.4857237
2022,12,18,0.48364717,9.882644,18.644796,14.210033,16.372675,4.523875,1.1843485,103.202,77.13205,0.4878631
2022,12,19,0.4787165,9.890414,18.516851,14.088972,16.273077,4.5504065,1.2407146,103.24728,77.11851,0.4900044
2022,12,20,0.473786,9.898192,18.388918,13.967922,16.17349,4.576937,1.2970786,103.29256,77.10496,0.49214396
2022,12,21,0.4688568,9.905965,18.261011,13.846901,16.073927,4.603461,1.3534274,103.33781,77.091415,0.49428305
2022,12,22,0.46609342,9.914062,18.189535,13.77842,16.019123,4.620939,1.387918,103.400566,77.10995,0.49591145
2022,12,23,0.46467435,9.922858,18.153112,13.742455,15.99222,4.6331544,1.4092307,103.47923,77.15192,0.49727997
2022,12,24,0.46385026,9.932332,18.132214,13.720818,15.977767,4.643296,1.424995,103.56859,77.206795,0.49857745
2022,12,25,0.4630258,9.941802,18.111315,13.69918,15.963315,4.653438,1.4407592,103.65794,77.26169,0.49987587
2022,12,26,0.4622017,9.951272,18.090414,13.677533,15.948856,4.6635823,1.4565253,103.747314,77.31659,0.50117576
2022,12,27,0.4613775,9.960742,18.069513,13.655893,15.934402,4.6737247,1.4722915,103.83666,77.37147,0.5024737
2022,12,28,0.4605533,9.970216,18.048616,13.634255,15.9199505,4.683868,1.4880576,103.92605,77.42637,0.50377166
2022,12,29,0.45972872,9.979688,18.02771,13.61261,15.905491,4.6940117,1.5038257,104.0154,77.481255,0.5050696
2022,12,30,0.45890462,9.98916,18.006819,13.590973,15.891037,4.7041545,1.5195899,104.10477,77.53616,0.50636756
2022,12,31,0.4580803,9.9986315,17.985914,13.569327,15.876581,4.714298,1.535358,104.19414,77.59105,0.50766504
